run,tag,step,wall_time,value
baseline_cnn_20260602-0000_v1,train/learning_rate,0,1780351356.2873962,0.0010000000474974513
baseline_cnn_20260602-0000_v1,train/learning_rate,1,1780351450.8523915,0.0010000000474974513
baseline_cnn_20260602-0000_v1,train/learning_rate,2,1780351545.234046,0.0010000000474974513
baseline_cnn_20260602-0000_v1,train/learning_rate,3,1780351638.6674006,0.0010000000474974513
baseline_cnn_20260602-0000_v1,train/learning_rate,4,1780351732.814104,0.0010000000474974513
baseline_cnn_20260602-0000_v1,train/learning_rate,5,1780351831.4092872,0.0010000000474974513
baseline_cnn_20260602-0000_v1,train/learning_rate,6,1780351931.5719514,0.0010000000474974513
baseline_cnn_20260602-0000_v1,train/learning_rate,7,1780352025.3634703,0.0010000000474974513
baseline_cnn_20260602-0000_v1,train/learning_rate,8,1780352119.659659,0.0010000000474974513
baseline_cnn_20260602-0000_v1,train/learning_rate,9,1780352213.8174748,0.0010000000474974513
baseline_cnn_20260602-0000_v1,train/learning_rate,10,1780352307.591602,0.0010000000474974513
baseline_cnn_20260602-0000_v1,train/learning_rate,11,1780352401.587219,0.0010000000474974513
baseline_cnn_20260602-0000_v1,train/learning_rate,12,1780352495.8767107,0.0010000000474974513
baseline_cnn_20260602-0000_v1,train/learning_rate,13,1780352590.2755203,0.0010000000474974513
baseline_cnn_20260602-0000_v1,train/learning_rate,14,1780352683.9304261,0.0010000000474974513
baseline_cnn_20260602-0000_v1,train/learning_rate,15,1780352778.1476367,0.0010000000474974513
baseline_cnn_20260602-0000_v1,train/learning_rate,16,1780352871.9510012,0.0010000000474974513
baseline_cnn_20260602-0000_v1,train/learning_rate,17,1780352965.7413216,0.0010000000474974513
baseline_cnn_20260602-0000_v1,train/learning_rate,18,1780353059.8755076,0.0010000000474974513
baseline_cnn_20260602-0000_v1,train/learning_rate,19,1780353154.3770993,0.0010000000474974513
baseline_cnn_20260602-0000_v1,train/learning_rate,20,1780353248.5611866,0.0010000000474974513
baseline_cnn_20260602-0000_v1,train/learning_rate,21,1780353342.5859675,0.0010000000474974513
baseline_cnn_20260602-0000_v1,train/learning_rate,22,1780353436.7472692,0.0010000000474974513
baseline_cnn_20260602-0000_v1,train/learning_rate,23,1780353531.05448,0.0010000000474974513
baseline_cnn_20260602-0000_v1,train/learning_rate,24,1780353624.9404929,0.0010000000474974513
baseline_cnn_20260602-0000_v1,train/loss,0,1780351356.2873268,4.296766757965088
baseline_cnn_20260602-0000_v1,train/loss,1,1780351450.8523407,3.908463478088379
baseline_cnn_20260602-0000_v1,train/loss,2,1780351545.2339976,3.653834581375122
baseline_cnn_20260602-0000_v1,train/loss,3,1780351638.6673548,3.437143564224243
baseline_cnn_20260602-0000_v1,train/loss,4,1780351732.814058,3.2410542964935303
baseline_cnn_20260602-0000_v1,train/loss,5,1780351831.4092352,3.0882840156555176
baseline_cnn_20260602-0000_v1,train/loss,6,1780351931.5718975,2.9572079181671143
baseline_cnn_20260602-0000_v1,train/loss,7,1780352025.3634238,2.848146677017212
baseline_cnn_20260602-0000_v1,train/loss,8,1780352119.659611,2.761061191558838
baseline_cnn_20260602-0000_v1,train/loss,9,1780352213.8174253,2.6896376609802246
baseline_cnn_20260602-0000_v1,train/loss,10,1780352307.5915558,2.6180410385131836
baseline_cnn_20260602-0000_v1,train/loss,11,1780352401.587171,2.574232816696167
baseline_cnn_20260602-0000_v1,train/loss,12,1780352495.8766615,2.5213966369628906
baseline_cnn_20260602-0000_v1,train/loss,13,1780352590.2754734,2.484121322631836
baseline_cnn_20260602-0000_v1,train/loss,14,1780352683.9303806,2.4466564655303955
baseline_cnn_20260602-0000_v1,train/loss,15,1780352778.1475873,2.41412353515625
baseline_cnn_20260602-0000_v1,train/loss,16,1780352871.9509547,2.3875279426574707
baseline_cnn_20260602-0000_v1,train/loss,17,1780352965.741274,2.3556275367736816
baseline_cnn_20260602-0000_v1,train/loss,18,1780353059.8754613,2.334744691848755
baseline_cnn_20260602-0000_v1,train/loss,19,1780353154.3770528,2.3179023265838623
baseline_cnn_20260602-0000_v1,train/loss,20,1780353248.561142,2.290001392364502
baseline_cnn_20260602-0000_v1,train/loss,21,1780353342.5859134,2.276505947113037
baseline_cnn_20260602-0000_v1,train/loss,22,1780353436.7472248,2.2572250366210938
baseline_cnn_20260602-0000_v1,train/loss,23,1780353531.0544312,2.245546817779541
baseline_cnn_20260602-0000_v1,train/loss,24,1780353624.9404483,2.229710102081299
baseline_cnn_20260602-0000_v1,train/samples,0,1780351356.2873902,64438.0
baseline_cnn_20260602-0000_v1,train/samples,1,1780351450.852385,64438.0
baseline_cnn_20260602-0000_v1,train/samples,2,1780351545.2340405,64438.0
baseline_cnn_20260602-0000_v1,train/samples,3,1780351638.6673949,64438.0
baseline_cnn_20260602-0000_v1,train/samples,4,1780351732.8140986,64438.0
baseline_cnn_20260602-0000_v1,train/samples,5,1780351831.4092813,64438.0
baseline_cnn_20260602-0000_v1,train/samples,6,1780351931.5719452,64438.0
baseline_cnn_20260602-0000_v1,train/samples,7,1780352025.3634655,64438.0
baseline_cnn_20260602-0000_v1,train/samples,8,1780352119.6596534,64438.0
baseline_cnn_20260602-0000_v1,train/samples,9,1780352213.8174694,64438.0
baseline_cnn_20260602-0000_v1,train/samples,10,1780352307.5915968,64438.0
baseline_cnn_20260602-0000_v1,train/samples,11,1780352401.5872133,64438.0
baseline_cnn_20260602-0000_v1,train/samples,12,1780352495.8767056,64438.0
baseline_cnn_20260602-0000_v1,train/samples,13,1780352590.275514,64438.0
baseline_cnn_20260602-0000_v1,train/samples,14,1780352683.9304209,64438.0
baseline_cnn_20260602-0000_v1,train/samples,15,1780352778.1476314,64438.0
baseline_cnn_20260602-0000_v1,train/samples,16,1780352871.950996,64438.0
baseline_cnn_20260602-0000_v1,train/samples,17,1780352965.7413158,64438.0
baseline_cnn_20260602-0000_v1,train/samples,18,1780353059.8755026,64438.0
baseline_cnn_20260602-0000_v1,train/samples,19,1780353154.3770933,64438.0
baseline_cnn_20260602-0000_v1,train/samples,20,1780353248.5611806,64438.0
baseline_cnn_20260602-0000_v1,train/samples,21,1780353342.5859623,64438.0
baseline_cnn_20260602-0000_v1,train/samples,22,1780353436.7472634,64438.0
baseline_cnn_20260602-0000_v1,train/samples,23,1780353531.054475,64438.0
baseline_cnn_20260602-0000_v1,train/samples,24,1780353624.9404871,64438.0
baseline_cnn_20260602-0000_v1,train/top1,0,1780351356.287373,0.06381327658891678
baseline_cnn_20260602-0000_v1,train/top1,1,1780351450.8523684,0.138924241065979
baseline_cnn_20260602-0000_v1,train/top1,2,1780351545.2340264,0.1991216391324997
baseline_cnn_20260602-0000_v1,train/top1,3,1780351638.6673799,0.2527235448360443
baseline_cnn_20260602-0000_v1,train/top1,4,1780351732.8140843,0.3068530857563019
baseline_cnn_20260602-0000_v1,train/top1,5,1780351831.4092665,0.3513454794883728
baseline_cnn_20260602-0000_v1,train/top1,6,1780351931.5719273,0.38969242572784424
baseline_cnn_20260602-0000_v1,train/top1,7,1780352025.3634512,0.41779693961143494
baseline_cnn_20260602-0000_v1,train/top1,8,1780352119.6596391,0.4467705488204956
baseline_cnn_20260602-0000_v1,train/top1,9,1780352213.8174548,0.46694496273994446
baseline_cnn_20260602-0000_v1,train/top1,10,1780352307.591583,0.48741427063941956
baseline_cnn_20260602-0000_v1,train/top1,11,1780352401.5871987,0.5023433566093445
baseline_cnn_20260602-0000_v1,train/top1,12,1780352495.8766909,0.5185915231704712
baseline_cnn_20260602-0000_v1,train/top1,13,1780352590.275498,0.5298271179199219
baseline_cnn_20260602-0000_v1,train/top1,14,1780352683.9304075,0.5424438714981079
baseline_cnn_20260602-0000_v1,train/top1,15,1780352778.147616,0.5524380207061768
baseline_cnn_20260602-0000_v1,train/top1,16,1780352871.9509811,0.5595611333847046
baseline_cnn_20260602-0000_v1,train/top1,17,1780352965.7413023,0.5712002515792847
baseline_cnn_20260602-0000_v1,train/top1,18,1780353059.8754885,0.5780285000801086
baseline_cnn_20260602-0000_v1,train/top1,19,1780353154.3770797,0.5801079869270325
baseline_cnn_20260602-0000_v1,train/top1,20,1780353248.5611663,0.5903503894805908
baseline_cnn_20260602-0000_v1,train/top1,21,1780353342.585947,0.5943542718887329
baseline_cnn_20260602-0000_v1,train/top1,22,1780353436.7472498,0.5980166792869568
baseline_cnn_20260602-0000_v1,train/top1,23,1780353531.0544598,0.6036810874938965
baseline_cnn_20260602-0000_v1,train/top1,24,1780353624.940473,0.6085695028305054
baseline_cnn_20260602-0000_v1,train/top5,0,1780351356.2873816,0.2088519185781479
baseline_cnn_20260602-0000_v1,train/top5,1,1780351450.8523762,0.3646605908870697
baseline_cnn_20260602-0000_v1,train/top5,2,1780351545.2340329,0.4606908857822418
baseline_cnn_20260602-0000_v1,train/top5,3,1780351638.6673865,0.5362673997879028
baseline_cnn_20260602-0000_v1,train/top5,4,1780351732.814091,0.6009342074394226
baseline_cnn_20260602-0000_v1,train/top5,5,1780351831.4092731,0.6463732719421387
baseline_cnn_20260602-0000_v1,train/top5,6,1780351931.5719352,0.6821285486221313
baseline_cnn_20260602-0000_v1,train/top5,7,1780352025.3634574,0.7100468873977661
baseline_cnn_20260602-0000_v1,train/top5,8,1780352119.6596456,0.732626736164093
baseline_cnn_20260602-0000_v1,train/top5,9,1780352213.8174617,0.7481610178947449
baseline_cnn_20260602-0000_v1,train/top5,10,1780352307.5915892,0.7657593488693237
baseline_cnn_20260602-0000_v1,train/top5,11,1780352401.5872056,0.7755516767501831
baseline_cnn_20260602-0000_v1,train/top5,12,1780352495.8766973,0.7879977822303772
baseline_cnn_20260602-0000_v1,train/top5,13,1780352590.2755044,0.793925940990448
baseline_cnn_20260602-0000_v1,train/top5,14,1780352683.9304135,0.803144097328186
baseline_cnn_20260602-0000_v1,train/top5,15,1780352778.1476235,0.8101896643638611
baseline_cnn_20260602-0000_v1,train/top5,16,1780352871.950988,0.814628005027771
baseline_cnn_20260602-0000_v1,train/top5,17,1780352965.7413085,0.8213787078857422
baseline_cnn_20260602-0000_v1,train/top5,18,1780353059.8754952,0.8263136744499207
baseline_cnn_20260602-0000_v1,train/top5,19,1780353154.3770857,0.8280983567237854
baseline_cnn_20260602-0000_v1,train/top5,20,1780353248.5611727,0.8356870412826538
baseline_cnn_20260602-0000_v1,train/top5,21,1780353342.585954,0.8382941484451294
baseline_cnn_20260602-0000_v1,train/top5,22,1780353436.747256,0.8414755463600159
baseline_cnn_20260602-0000_v1,train/top5,23,1780353531.054466,0.8437412977218628
baseline_cnn_20260602-0000_v1,train/top5,24,1780353624.9404795,0.8463794589042664
baseline_cnn_20260602-0000_v1,validation/loss,0,1780351356.2874064,4.139594078063965
baseline_cnn_20260602-0000_v1,validation/loss,1,1780351450.8523996,3.9132442474365234
baseline_cnn_20260602-0000_v1,validation/loss,2,1780351545.234054,3.789860963821411
baseline_cnn_20260602-0000_v1,validation/loss,3,1780351638.6674092,3.8413052558898926
baseline_cnn_20260602-0000_v1,validation/loss,4,1780351732.8141122,3.358996868133545
baseline_cnn_20260602-0000_v1,validation/loss,5,1780351831.4092958,3.2577381134033203
baseline_cnn_20260602-0000_v1,validation/loss,6,1780351931.5719597,3.0811409950256348
baseline_cnn_20260602-0000_v1,validation/loss,7,1780352025.363478,2.94828200340271
baseline_cnn_20260602-0000_v1,validation/loss,8,1780352119.659667,2.9443862438201904
baseline_cnn_20260602-0000_v1,validation/loss,9,1780352213.817483,2.5950896739959717
baseline_cnn_20260602-0000_v1,validation/loss,10,1780352307.5916104,2.7260615825653076
baseline_cnn_20260602-0000_v1,validation/loss,11,1780352401.5872266,2.593492269515991
baseline_cnn_20260602-0000_v1,validation/loss,12,1780352495.8767183,2.5279529094696045
baseline_cnn_20260602-0000_v1,validation/loss,13,1780352590.2755284,2.5618174076080322
baseline_cnn_20260602-0000_v1,validation/loss,14,1780352683.9304342,2.4719624519348145
baseline_cnn_20260602-0000_v1,validation/loss,15,1780352778.1476445,2.509185314178467
baseline_cnn_20260602-0000_v1,validation/loss,16,1780352871.9510093,2.3985047340393066
baseline_cnn_20260602-0000_v1,validation/loss,17,1780352965.7413292,2.466437816619873
baseline_cnn_20260602-0000_v1,validation/loss,18,1780353059.8755155,2.4289004802703857
baseline_cnn_20260602-0000_v1,validation/loss,19,1780353154.3771067,2.4203898906707764
baseline_cnn_20260602-0000_v1,validation/loss,20,1780353248.5611942,2.4461452960968018
baseline_cnn_20260602-0000_v1,validation/loss,21,1780353342.5859764,2.3328607082366943
baseline_cnn_20260602-0000_v1,validation/loss,22,1780353436.7472765,2.464057207107544
baseline_cnn_20260602-0000_v1,validation/loss,23,1780353531.0544877,2.2658681869506836
baseline_cnn_20260602-0000_v1,validation/loss,24,1780353624.940501,2.3167471885681152
baseline_cnn_20260602-0000_v1,validation/samples,0,1780351356.2874203,11312.0
baseline_cnn_20260602-0000_v1,validation/samples,1,1780351450.852413,11312.0
baseline_cnn_20260602-0000_v1,validation/samples,2,1780351545.2340696,11312.0
baseline_cnn_20260602-0000_v1,validation/samples,3,1780351638.6674237,11312.0
baseline_cnn_20260602-0000_v1,validation/samples,4,1780351732.8141272,11312.0
baseline_cnn_20260602-0000_v1,validation/samples,5,1780351831.4093099,11312.0
baseline_cnn_20260602-0000_v1,validation/samples,6,1780351931.5719736,11312.0
baseline_cnn_20260602-0000_v1,validation/samples,7,1780352025.3634923,11312.0
baseline_cnn_20260602-0000_v1,validation/samples,8,1780352119.6596806,11312.0
baseline_cnn_20260602-0000_v1,validation/samples,9,1780352213.8174963,11312.0
baseline_cnn_20260602-0000_v1,validation/samples,10,1780352307.5916228,11312.0
baseline_cnn_20260602-0000_v1,validation/samples,11,1780352401.5872386,11312.0
baseline_cnn_20260602-0000_v1,validation/samples,12,1780352495.8767314,11312.0
baseline_cnn_20260602-0000_v1,validation/samples,13,1780352590.2755408,11312.0
baseline_cnn_20260602-0000_v1,validation/samples,14,1780352683.9304473,11312.0
baseline_cnn_20260602-0000_v1,validation/samples,15,1780352778.1476598,11312.0
baseline_cnn_20260602-0000_v1,validation/samples,16,1780352871.9510226,11312.0
baseline_cnn_20260602-0000_v1,validation/samples,17,1780352965.7413425,11312.0
baseline_cnn_20260602-0000_v1,validation/samples,18,1780353059.8755276,11312.0
baseline_cnn_20260602-0000_v1,validation/samples,19,1780353154.3771183,11312.0
baseline_cnn_20260602-0000_v1,validation/samples,20,1780353248.5612075,11312.0
baseline_cnn_20260602-0000_v1,validation/samples,21,1780353342.5859911,11312.0
baseline_cnn_20260602-0000_v1,validation/samples,22,1780353436.747291,11312.0
baseline_cnn_20260602-0000_v1,validation/samples,23,1780353531.054501,11312.0
baseline_cnn_20260602-0000_v1,validation/samples,24,1780353624.9405158,11312.0
baseline_cnn_20260602-0000_v1,validation/top1,0,1780351356.287411,0.08424681425094604
baseline_cnn_20260602-0000_v1,validation/top1,1,1780351450.852404,0.1417963206768036
baseline_cnn_20260602-0000_v1,validation/top1,2,1780351545.2340589,0.16752122342586517
baseline_cnn_20260602-0000_v1,validation/top1,3,1780351638.667414,0.17600777745246887
baseline_cnn_20260602-0000_v1,validation/top1,4,1780351732.8141184,0.27395686507225037
baseline_cnn_20260602-0000_v1,validation/top1,5,1780351831.4093008,0.34370580315589905
baseline_cnn_20260602-0000_v1,validation/top1,6,1780351931.5719645,0.35272276401519775
baseline_cnn_20260602-0000_v1,validation/top1,7,1780352025.3634832,0.4010784924030304
baseline_cnn_20260602-0000_v1,validation/top1,8,1780352119.6596715,0.3924151360988617
baseline_cnn_20260602-0000_v1,validation/top1,9,1780352213.8174877,0.5048620700836182
baseline_cnn_20260602-0000_v1,validation/top1,10,1780352307.591615,0.45288190245628357
baseline_cnn_20260602-0000_v1,validation/top1,11,1780352401.5872307,0.5031824707984924
baseline_cnn_20260602-0000_v1,validation/top1,12,1780352495.8767226,0.5266973376274109
baseline_cnn_20260602-0000_v1,validation/top1,13,1780352590.2755325,0.509105384349823
baseline_cnn_20260602-0000_v1,validation/top1,14,1780352683.9304388,0.5327086448669434
baseline_cnn_20260602-0000_v1,validation/top1,15,1780352778.147649,0.5250176787376404
baseline_cnn_20260602-0000_v1,validation/top1,16,1780352871.9510136,0.5600247383117676
baseline_cnn_20260602-0000_v1,validation/top1,17,1780352965.7413335,0.533769428730011
baseline_cnn_20260602-0000_v1,validation/top1,18,1780353059.8755198,0.5509193539619446
baseline_cnn_20260602-0000_v1,validation/top1,19,1780353154.3771105,0.5564886927604675
baseline_cnn_20260602-0000_v1,validation/top1,20,1780353248.5611992,0.553394615650177
baseline_cnn_20260602-0000_v1,validation/top1,21,1780353342.585981,0.5816831588745117
baseline_cnn_20260602-0000_v1,validation/top1,22,1780353436.7472816,0.5494165420532227
baseline_cnn_20260602-0000_v1,validation/top1,23,1780353531.0544925,0.6052864193916321
baseline_cnn_20260602-0000_v1,validation/top1,24,1780353624.9405057,0.5896393060684204
baseline_cnn_20260602-0000_v1,validation/top5,0,1780351356.2874153,0.27369165420532227
baseline_cnn_20260602-0000_v1,validation/top5,1,1780351450.8524084,0.3643918037414551
baseline_cnn_20260602-0000_v1,validation/top5,2,1780351545.2340631,0.4082390367984772
baseline_cnn_20260602-0000_v1,validation/top5,3,1780351638.667419,0.3998408913612366
baseline_cnn_20260602-0000_v1,validation/top5,4,1780351732.8141227,0.5514497756958008
baseline_cnn_20260602-0000_v1,validation/top5,5,1780351831.409305,0.6293317079544067
baseline_cnn_20260602-0000_v1,validation/top5,6,1780351931.5719688,0.6490452885627747
baseline_cnn_20260602-0000_v1,validation/top5,7,1780352025.3634877,0.6886492371559143
baseline_cnn_20260602-0000_v1,validation/top5,8,1780352119.6596758,0.6898868680000305
baseline_cnn_20260602-0000_v1,validation/top5,9,1780352213.8174918,0.7741336822509766
baseline_cnn_20260602-0000_v1,validation/top5,10,1780352307.5916188,0.7383309602737427
baseline_cnn_20260602-0000_v1,validation/top5,11,1780352401.5872343,0.7684759497642517
baseline_cnn_20260602-0000_v1,validation/top5,12,1780352495.876727,0.7868635058403015
baseline_cnn_20260602-0000_v1,validation/top5,13,1780352590.2755365,0.7804101705551147
baseline_cnn_20260602-0000_v1,validation/top5,14,1780352683.9304428,0.7973833084106445
baseline_cnn_20260602-0000_v1,validation/top5,15,1780352778.147655,0.7850954532623291
baseline_cnn_20260602-0000_v1,validation/top5,16,1780352871.951018,0.8117043972015381
baseline_cnn_20260602-0000_v1,validation/top5,17,1780352965.7413378,0.7972065210342407
baseline_cnn_20260602-0000_v1,validation/top5,18,1780353059.8755236,0.8118811845779419
baseline_cnn_20260602-0000_v1,validation/top5,19,1780353154.3771145,0.8100247383117676
baseline_cnn_20260602-0000_v1,validation/top5,20,1780353248.5612035,0.8064002990722656
baseline_cnn_20260602-0000_v1,validation/top5,21,1780353342.5859869,0.8263790607452393
baseline_cnn_20260602-0000_v1,validation/top5,22,1780353436.7472866,0.8003005385398865
baseline_cnn_20260602-0000_v1,validation/top5,23,1780353531.0544965,0.8443245887756348
baseline_cnn_20260602-0000_v1,validation/top5,24,1780353624.9405103,0.8306223750114441
convnext_tiny_20260602-0858_v1,train/learning_rate,0,1780383810.0472953,0.0010000000474974513
convnext_tiny_20260602-0858_v1,train/learning_rate,1,1780384064.3251,0.0010000000474974513
convnext_tiny_20260602-0858_v1,train/learning_rate,2,1780384316.5916739,0.0010000000474974513
convnext_tiny_20260602-0858_v1,train/learning_rate,3,1780384570.2645454,0.0010000000474974513
convnext_tiny_20260602-0858_v1,train/learning_rate,4,1780384821.780187,0.0010000000474974513
convnext_tiny_20260602-0858_v1,train/learning_rate,5,1780385073.1386244,0.0010000000474974513
convnext_tiny_20260602-0858_v1,train/learning_rate,6,1780385323.927601,0.0010000000474974513
convnext_tiny_20260602-0858_v1,train/learning_rate,7,1780385576.9581146,0.0010000000474974513
convnext_tiny_20260602-0858_v1,train/learning_rate,8,1780385827.6730435,0.0010000000474974513
convnext_tiny_20260602-0858_v1,train/learning_rate,9,1780386080.648038,0.0010000000474974513
convnext_tiny_20260602-0858_v1,train/learning_rate,10,1780386334.8689697,0.0010000000474974513
convnext_tiny_20260602-0858_v1,train/learning_rate,11,1780386589.5337687,9.999999747378752e-05
convnext_tiny_20260602-0858_v1,train/learning_rate,12,1780386841.8333688,9.999999747378752e-05
convnext_tiny_20260602-0858_v1,train/learning_rate,13,1780387096.0418682,9.999999747378752e-05
convnext_tiny_20260602-0858_v1,train/learning_rate,14,1780387350.2782845,9.999999747378752e-05
convnext_tiny_20260602-0858_v1,train/learning_rate,15,1780387602.975242,9.999999747378752e-05
convnext_tiny_20260602-0858_v1,train/learning_rate,16,1780387857.0978158,9.999999747378752e-05
convnext_tiny_20260602-0858_v1,train/learning_rate,17,1780388109.0844355,9.999999747378752e-05
convnext_tiny_20260602-0858_v1,train/learning_rate,18,1780388363.203838,9.999999747378752e-05
convnext_tiny_20260602-0858_v1,train/learning_rate,19,1780388616.1728778,9.999999747378752e-05
convnext_tiny_20260602-0858_v1,train/learning_rate,20,1780388868.7192636,9.999999747378752e-05
convnext_tiny_20260602-0858_v1,train/learning_rate,21,1780389122.1051283,9.999999747378752e-05
convnext_tiny_20260602-0858_v1,train/learning_rate,22,1780389375.5728679,9.999999747378752e-05
convnext_tiny_20260602-0858_v1,train/learning_rate,23,1780389627.7749188,9.999999747378752e-05
convnext_tiny_20260602-0858_v1,train/learning_rate,24,1780389883.599078,9.999999747378752e-05
convnext_tiny_20260602-0858_v1,train/learning_rate,25,1780390136.8169672,9.999999747378752e-05
convnext_tiny_20260602-0858_v1,train/learning_rate,26,1780390389.8387387,9.999999747378752e-06
convnext_tiny_20260602-0858_v1,train/learning_rate,27,1780390643.4081285,9.999999747378752e-06
convnext_tiny_20260602-0858_v1,train/learning_rate,29,1780393183.9431672,9.999999747378752e-06
convnext_tiny_20260602-0858_v1,train/loss,0,1780383810.0470872,2.506650447845459
convnext_tiny_20260602-0858_v1,train/loss,1,1780384064.3249855,2.192260503768921
convnext_tiny_20260602-0858_v1,train/loss,2,1780384316.5915034,2.142500638961792
convnext_tiny_20260602-0858_v1,train/loss,3,1780384570.2644053,2.126722812652588
convnext_tiny_20260602-0858_v1,train/loss,4,1780384821.7800243,2.1131014823913574
convnext_tiny_20260602-0858_v1,train/loss,5,1780385073.1385205,2.104708194732666
convnext_tiny_20260602-0858_v1,train/loss,6,1780385323.927444,2.0965301990509033
convnext_tiny_20260602-0858_v1,train/loss,7,1780385576.9580145,2.0972609519958496
convnext_tiny_20260602-0858_v1,train/loss,8,1780385827.6729405,2.085127353668213
convnext_tiny_20260602-0858_v1,train/loss,9,1780386080.6479378,2.086806058883667
convnext_tiny_20260602-0858_v1,train/loss,10,1780386334.8688638,2.0849993228912354
convnext_tiny_20260602-0858_v1,train/loss,11,1780386589.5336561,2.08237361907959
convnext_tiny_20260602-0858_v1,train/loss,12,1780386841.8332326,2.025266408920288
convnext_tiny_20260602-0858_v1,train/loss,13,1780387096.0417042,2.0195376873016357
convnext_tiny_20260602-0858_v1,train/loss,14,1780387350.2781708,2.0138537883758545
convnext_tiny_20260602-0858_v1,train/loss,15,1780387602.9751158,2.0128579139709473
convnext_tiny_20260602-0858_v1,train/loss,16,1780387857.097713,2.015690565109253
convnext_tiny_20260602-0858_v1,train/loss,17,1780388109.0843253,2.011124610900879
convnext_tiny_20260602-0858_v1,train/loss,18,1780388363.2037227,2.0064499378204346
convnext_tiny_20260602-0858_v1,train/loss,19,1780388616.172774,2.004669427871704
convnext_tiny_20260602-0858_v1,train/loss,20,1780388868.7191596,2.0067529678344727
convnext_tiny_20260602-0858_v1,train/loss,21,1780389122.1049907,2.0060055255889893
convnext_tiny_20260602-0858_v1,train/loss,22,1780389375.5727608,2.0051400661468506
convnext_tiny_20260602-0858_v1,train/loss,23,1780389627.774819,2.0043063163757324
convnext_tiny_20260602-0858_v1,train/loss,24,1780389883.598976,1.9993371963500977
convnext_tiny_20260602-0858_v1,train/loss,25,1780390136.8168602,2.000170946121216
convnext_tiny_20260602-0858_v1,train/loss,26,1780390389.8386364,2.0038516521453857
convnext_tiny_20260602-0858_v1,train/loss,27,1780390643.4080179,1.9895720481872559
convnext_tiny_20260602-0858_v1,train/loss,29,1780393183.9430337,1.9884264469146729
convnext_tiny_20260602-0858_v1,train/samples,0,1780383810.047279,64438.0
convnext_tiny_20260602-0858_v1,train/samples,1,1780384064.325085,64438.0
convnext_tiny_20260602-0858_v1,train/samples,2,1780384316.5916603,64438.0
convnext_tiny_20260602-0858_v1,train/samples,3,1780384570.2645311,64438.0
convnext_tiny_20260602-0858_v1,train/samples,4,1780384821.780167,64438.0
convnext_tiny_20260602-0858_v1,train/samples,5,1780385073.1386113,64438.0
convnext_tiny_20260602-0858_v1,train/samples,6,1780385323.9275827,64438.0
convnext_tiny_20260602-0858_v1,train/samples,7,1780385576.9581013,64438.0
convnext_tiny_20260602-0858_v1,train/samples,8,1780385827.67303,64438.0
convnext_tiny_20260602-0858_v1,train/samples,9,1780386080.6480246,64438.0
convnext_tiny_20260602-0858_v1,train/samples,10,1780386334.868956,64438.0
convnext_tiny_20260602-0858_v1,train/samples,11,1780386589.5337546,64438.0
convnext_tiny_20260602-0858_v1,train/samples,12,1780386841.8333557,64438.0
convnext_tiny_20260602-0858_v1,train/samples,13,1780387096.0418534,64438.0
convnext_tiny_20260602-0858_v1,train/samples,14,1780387350.278271,64438.0
convnext_tiny_20260602-0858_v1,train/samples,15,1780387602.9752226,64438.0
convnext_tiny_20260602-0858_v1,train/samples,16,1780387857.0978022,64438.0
convnext_tiny_20260602-0858_v1,train/samples,17,1780388109.0844219,64438.0
convnext_tiny_20260602-0858_v1,train/samples,18,1780388363.203824,64438.0
convnext_tiny_20260602-0858_v1,train/samples,19,1780388616.1728647,64438.0
convnext_tiny_20260602-0858_v1,train/samples,20,1780388868.7192507,64438.0
convnext_tiny_20260602-0858_v1,train/samples,21,1780389122.1051145,64438.0
convnext_tiny_20260602-0858_v1,train/samples,22,1780389375.5728538,64438.0
convnext_tiny_20260602-0858_v1,train/samples,23,1780389627.774906,64438.0
convnext_tiny_20260602-0858_v1,train/samples,24,1780389883.5990646,64438.0
convnext_tiny_20260602-0858_v1,train/samples,25,1780390136.8169537,64438.0
convnext_tiny_20260602-0858_v1,train/samples,26,1780390389.838725,64438.0
convnext_tiny_20260602-0858_v1,train/samples,27,1780390643.4081113,64438.0
convnext_tiny_20260602-0858_v1,train/samples,29,1780393183.9431515,64438.0
convnext_tiny_20260602-0858_v1,train/top1,0,1780383810.0472271,0.5169464945793152
convnext_tiny_20260602-0858_v1,train/top1,1,1780384064.3250496,0.5984202027320862
convnext_tiny_20260602-0858_v1,train/top1,2,1780384316.5916293,0.6131009459495544
convnext_tiny_20260602-0858_v1,train/top1,3,1780384570.2644863,0.6206741333007812
convnext_tiny_20260602-0858_v1,train/top1,4,1780384821.7801204,0.6248331665992737
convnext_tiny_20260602-0858_v1,train/top1,5,1780385073.1385787,0.6268971562385559
convnext_tiny_20260602-0858_v1,train/top1,6,1780385323.9275339,0.630450963973999
convnext_tiny_20260602-0858_v1,train/top1,7,1780385576.95807,0.629737138748169
convnext_tiny_20260602-0858_v1,train/top1,8,1780385827.672998,0.6327788233757019
convnext_tiny_20260602-0858_v1,train/top1,9,1780386080.6479938,0.6326236128807068
convnext_tiny_20260602-0858_v1,train/top1,10,1780386334.8689253,0.6349514126777649
convnext_tiny_20260602-0858_v1,train/top1,11,1780386589.5337145,0.6346410512924194
convnext_tiny_20260602-0858_v1,train/top1,12,1780386841.8333218,0.6529066562652588
convnext_tiny_20260602-0858_v1,train/top1,13,1780387096.0418031,0.6535118818283081
convnext_tiny_20260602-0858_v1,train/top1,14,1780387350.278239,0.6570501923561096
convnext_tiny_20260602-0858_v1,train/top1,15,1780387602.975182,0.6564294099807739
convnext_tiny_20260602-0858_v1,train/top1,16,1780387857.0977705,0.6560879945755005
convnext_tiny_20260602-0858_v1,train/top1,17,1780388109.0843897,0.6571743488311768
convnext_tiny_20260602-0858_v1,train/top1,18,1780388363.2037926,0.6585555076599121
convnext_tiny_20260602-0858_v1,train/top1,19,1780388616.1728323,0.6590055823326111
convnext_tiny_20260602-0858_v1,train/top1,20,1780388868.7192185,0.6581830382347107
convnext_tiny_20260602-0858_v1,train/top1,21,1780389122.1050801,0.6600608229637146
convnext_tiny_20260602-0858_v1,train/top1,22,1780389375.57282,0.6567863821983337
convnext_tiny_20260602-0858_v1,train/top1,23,1780389627.7748735,0.6597039103507996
convnext_tiny_20260602-0858_v1,train/top1,24,1780389883.5990298,0.6613954305648804
convnext_tiny_20260602-0858_v1,train/top1,25,1780390136.8169208,0.659207284450531
convnext_tiny_20260602-0858_v1,train/top1,26,1780390389.8386931,0.6611316204071045
convnext_tiny_20260602-0858_v1,train/top1,27,1780390643.4080772,0.6666097640991211
convnext_tiny_20260602-0858_v1,train/top1,29,1780393183.9431124,0.6658958792686462
convnext_tiny_20260602-0858_v1,train/top5,0,1780383810.0472586,0.7746515870094299
convnext_tiny_20260602-0858_v1,train/top5,1,1780384064.3250682,0.8433998823165894
convnext_tiny_20260602-0858_v1,train/top5,2,1780384316.5916448,0.8525404334068298
convnext_tiny_20260602-0858_v1,train/top5,3,1780384570.2645125,0.8556286692619324
convnext_tiny_20260602-0858_v1,train/top5,4,1780384821.7801428,0.8582047820091248
convnext_tiny_20260602-0858_v1,train/top5,5,1780385073.1385946,0.8587169051170349
convnext_tiny_20260602-0858_v1,train/top5,6,1780385323.9275575,0.8608739972114563
convnext_tiny_20260602-0858_v1,train/top5,7,1780385576.9580853,0.8611999154090881
convnext_tiny_20260602-0858_v1,train/top5,8,1780385827.6730137,0.8638070821762085
convnext_tiny_20260602-0858_v1,train/top5,9,1780386080.6480093,0.8641329407691956
convnext_tiny_20260602-0858_v1,train/top5,10,1780386334.868941,0.8636363744735718
convnext_tiny_20260602-0858_v1,train/top5,11,1780386589.5337298,0.8637760281562805
convnext_tiny_20260602-0858_v1,train/top5,12,1780386841.8333397,0.8762996792793274
convnext_tiny_20260602-0858_v1,train/top5,13,1780387096.0418274,0.8766876459121704
convnext_tiny_20260602-0858_v1,train/top5,14,1780387350.2782545,0.8780843615531921
convnext_tiny_20260602-0858_v1,train/top5,15,1780387602.975205,0.8777740001678467
convnext_tiny_20260602-0858_v1,train/top5,16,1780387857.097786,0.8776653409004211
convnext_tiny_20260602-0858_v1,train/top5,17,1780388109.0844052,0.8784878253936768
convnext_tiny_20260602-0858_v1,train/top5,18,1780388363.203808,0.8806139230728149
convnext_tiny_20260602-0858_v1,train/top5,19,1780388616.1728482,0.8813743591308594
convnext_tiny_20260602-0858_v1,train/top5,20,1780388868.7192347,0.8792327642440796
convnext_tiny_20260602-0858_v1,train/top5,21,1780389122.1050973,0.8801328539848328
convnext_tiny_20260602-0858_v1,train/top5,22,1780389375.5728362,0.8802414536476135
convnext_tiny_20260602-0858_v1,train/top5,23,1780389627.7748895,0.8804897665977478
convnext_tiny_20260602-0858_v1,train/top5,24,1780389883.5990455,0.8796672821044922
convnext_tiny_20260602-0858_v1,train/top5,25,1780390136.8169367,0.8813278079032898
convnext_tiny_20260602-0858_v1,train/top5,26,1780390389.8387084,0.8786585330963135
convnext_tiny_20260602-0858_v1,train/top5,27,1780390643.408094,0.8825693130493164
convnext_tiny_20260602-0858_v1,train/top5,29,1780393183.9431334,0.8831745386123657
convnext_tiny_20260602-0858_v1,validation/loss,0,1780383810.0473542,2.051980972290039
convnext_tiny_20260602-0858_v1,validation/loss,1,1780384064.3251219,2.003493309020996
convnext_tiny_20260602-0858_v1,validation/loss,2,1780384316.5916955,1.9764713048934937
convnext_tiny_20260602-0858_v1,validation/loss,3,1780384570.2645752,1.9702774286270142
convnext_tiny_20260602-0858_v1,validation/loss,4,1780384821.780226,1.9655746221542358
convnext_tiny_20260602-0858_v1,validation/loss,5,1780385073.1386461,1.963333249092102
convnext_tiny_20260602-0858_v1,validation/loss,6,1780385323.9276319,1.9558569192886353
convnext_tiny_20260602-0858_v1,validation/loss,7,1780385576.9581344,1.953121304512024
convnext_tiny_20260602-0858_v1,validation/loss,8,1780385827.6730654,1.94924795627594
convnext_tiny_20260602-0858_v1,validation/loss,9,1780386080.648059,1.9555937051773071
convnext_tiny_20260602-0858_v1,validation/loss,10,1780386334.8689904,1.9498422145843506
convnext_tiny_20260602-0858_v1,validation/loss,11,1780386589.5337903,1.947084903717041
convnext_tiny_20260602-0858_v1,validation/loss,12,1780386841.8333905,1.929699420928955
convnext_tiny_20260602-0858_v1,validation/loss,13,1780387096.0418956,1.9256528615951538
convnext_tiny_20260602-0858_v1,validation/loss,14,1780387350.278307,1.922796368598938
convnext_tiny_20260602-0858_v1,validation/loss,15,1780387602.9752755,1.9210444688796997
convnext_tiny_20260602-0858_v1,validation/loss,16,1780387857.0978367,1.9194202423095703
convnext_tiny_20260602-0858_v1,validation/loss,17,1780388109.0844593,1.917917251586914
convnext_tiny_20260602-0858_v1,validation/loss,18,1780388363.2038605,1.9167522192001343
convnext_tiny_20260602-0858_v1,validation/loss,19,1780388616.1728992,1.915927767753601
convnext_tiny_20260602-0858_v1,validation/loss,20,1780388868.7192843,1.9152194261550903
convnext_tiny_20260602-0858_v1,validation/loss,21,1780389122.1051548,1.9141857624053955
convnext_tiny_20260602-0858_v1,validation/loss,22,1780389375.57289,1.9135725498199463
convnext_tiny_20260602-0858_v1,validation/loss,23,1780389627.77494,1.9125938415527344
convnext_tiny_20260602-0858_v1,validation/loss,24,1780389883.5990992,1.9118537902832031
convnext_tiny_20260602-0858_v1,validation/loss,25,1780390136.8169913,1.910719394683838
convnext_tiny_20260602-0858_v1,validation/loss,26,1780390389.8387685,1.9099339246749878
convnext_tiny_20260602-0858_v1,validation/loss,27,1780390643.4081528,1.9095088243484497
convnext_tiny_20260602-0858_v1,validation/loss,29,1780393183.9431918,1.9090219736099243
convnext_tiny_20260602-0858_v1,validation/samples,0,1780383810.047403,11312.0
convnext_tiny_20260602-0858_v1,validation/samples,1,1780384064.3251529,11312.0
convnext_tiny_20260602-0858_v1,validation/samples,2,1780384316.5917323,11312.0
convnext_tiny_20260602-0858_v1,validation/samples,3,1780384570.2646105,11312.0
convnext_tiny_20260602-0858_v1,validation/samples,4,1780384821.7802742,11312.0
convnext_tiny_20260602-0858_v1,validation/samples,5,1780385073.1386793,11312.0
convnext_tiny_20260602-0858_v1,validation/samples,6,1780385323.9276755,11312.0
convnext_tiny_20260602-0858_v1,validation/samples,7,1780385576.9581666,11312.0
convnext_tiny_20260602-0858_v1,validation/samples,8,1780385827.673099,11312.0
convnext_tiny_20260602-0858_v1,validation/samples,9,1780386080.6480935,11312.0
convnext_tiny_20260602-0858_v1,validation/samples,10,1780386334.8690252,11312.0
convnext_tiny_20260602-0858_v1,validation/samples,11,1780386589.533824,11312.0
convnext_tiny_20260602-0858_v1,validation/samples,12,1780386841.8334231,11312.0
convnext_tiny_20260602-0858_v1,validation/samples,13,1780387096.0419276,11312.0
convnext_tiny_20260602-0858_v1,validation/samples,14,1780387350.2783537,11312.0
convnext_tiny_20260602-0858_v1,validation/samples,15,1780387602.9753385,11312.0
convnext_tiny_20260602-0858_v1,validation/samples,16,1780387857.0978687,11312.0
convnext_tiny_20260602-0858_v1,validation/samples,17,1780388109.0845056,11312.0
convnext_tiny_20260602-0858_v1,validation/samples,18,1780388363.2038946,11312.0
convnext_tiny_20260602-0858_v1,validation/samples,19,1780388616.172933,11312.0
convnext_tiny_20260602-0858_v1,validation/samples,20,1780388868.7193382,11312.0
convnext_tiny_20260602-0858_v1,validation/samples,21,1780389122.1051867,11312.0
convnext_tiny_20260602-0858_v1,validation/samples,22,1780389375.5729246,11312.0
convnext_tiny_20260602-0858_v1,validation/samples,23,1780389627.7749732,11312.0
convnext_tiny_20260602-0858_v1,validation/samples,24,1780389883.599135,11312.0
convnext_tiny_20260602-0858_v1,validation/samples,25,1780390136.8170264,11312.0
convnext_tiny_20260602-0858_v1,validation/samples,26,1780390389.838802,11312.0
convnext_tiny_20260602-0858_v1,validation/samples,27,1780390643.4081886,11312.0
convnext_tiny_20260602-0858_v1,validation/samples,29,1780393183.9432297,11312.0
convnext_tiny_20260602-0858_v1,validation/top1,0,1780383810.0473726,0.6444483995437622
convnext_tiny_20260602-0858_v1,validation/top1,1,1780384064.3251326,0.6583274602890015
convnext_tiny_20260602-0858_v1,validation/top1,2,1780384316.591707,0.6692008376121521
convnext_tiny_20260602-0858_v1,validation/top1,3,1780384570.2645874,0.6721181273460388
convnext_tiny_20260602-0858_v1,validation/top1,4,1780384821.7802436,0.6713224649429321
convnext_tiny_20260602-0858_v1,validation/top1,5,1780385073.1386576,0.6714109182357788
convnext_tiny_20260602-0858_v1,validation/top1,6,1780385323.9276464,0.6737977266311646
convnext_tiny_20260602-0858_v1,validation/top1,7,1780385576.9581456,0.6759193539619446
convnext_tiny_20260602-0858_v1,validation/top1,8,1780385827.6730776,0.6772453784942627
convnext_tiny_20260602-0858_v1,validation/top1,9,1780386080.6480703,0.674770176410675
convnext_tiny_20260602-0858_v1,validation/top1,10,1780386334.869004,0.6775990128517151
convnext_tiny_20260602-0858_v1,validation/top1,11,1780386589.5338023,0.676980197429657
convnext_tiny_20260602-0858_v1,validation/top1,12,1780386841.833402,0.6820191144943237
convnext_tiny_20260602-0858_v1,validation/top1,13,1780387096.0419064,0.68537837266922
convnext_tiny_20260602-0858_v1,validation/top1,14,1780387350.2783318,0.68537837266922
convnext_tiny_20260602-0858_v1,validation/top1,15,1780387602.9752908,0.6869695782661438
convnext_tiny_20260602-0858_v1,validation/top1,16,1780387857.0978475,0.6875883936882019
convnext_tiny_20260602-0858_v1,validation/top1,17,1780388109.0844805,0.6877651810646057
convnext_tiny_20260602-0858_v1,validation/top1,18,1780388363.2038722,0.6890912055969238
convnext_tiny_20260602-0858_v1,validation/top1,19,1780388616.1729112,0.6887376308441162
convnext_tiny_20260602-0858_v1,validation/top1,20,1780388868.7192948,0.68962162733078
convnext_tiny_20260602-0858_v1,validation/top1,21,1780389122.1051657,0.6875883936882019
convnext_tiny_20260602-0858_v1,validation/top1,22,1780389375.5729022,0.6884723901748657
convnext_tiny_20260602-0858_v1,validation/top1,23,1780389627.7749517,0.68962162733078
convnext_tiny_20260602-0858_v1,validation/top1,24,1780389883.5991106,0.6897984147071838
convnext_tiny_20260602-0858_v1,validation/top1,25,1780390136.8170054,0.6898868680000305
convnext_tiny_20260602-0858_v1,validation/top1,26,1780390389.8387802,0.6884723901748657
convnext_tiny_20260602-0858_v1,validation/top1,27,1780390643.4081652,0.6886492371559143
convnext_tiny_20260602-0858_v1,validation/top1,29,1780393183.943205,0.6901520490646362
convnext_tiny_20260602-0858_v1,validation/top5,0,1780383810.047389,0.8697842955589294
convnext_tiny_20260602-0858_v1,validation/top5,1,1780384064.3251429,0.8762376308441162
convnext_tiny_20260602-0858_v1,validation/top5,2,1780384316.591718,0.8818069100379944
convnext_tiny_20260602-0858_v1,validation/top5,3,1780384570.2645993,0.8823373317718506
convnext_tiny_20260602-0858_v1,validation/top5,4,1780384821.7802598,0.8836633563041687
convnext_tiny_20260602-0858_v1,validation/top5,5,1780385073.1386685,0.883398175239563
convnext_tiny_20260602-0858_v1,validation/top5,6,1780385323.9276602,0.8868458271026611
convnext_tiny_20260602-0858_v1,validation/top5,7,1780385576.9581563,0.8856965899467468
convnext_tiny_20260602-0858_v1,validation/top5,8,1780385827.6730886,0.8859618306159973
convnext_tiny_20260602-0858_v1,validation/top5,9,1780386080.6480818,0.8853430151939392
convnext_tiny_20260602-0858_v1,validation/top5,10,1780386334.8690145,0.8861386179924011
convnext_tiny_20260602-0858_v1,validation/top5,11,1780386589.5338128,0.886227011680603
convnext_tiny_20260602-0858_v1,validation/top5,12,1780386841.8334124,0.8898515105247498
convnext_tiny_20260602-0858_v1,validation/top5,13,1780387096.0419164,0.8905587196350098
convnext_tiny_20260602-0858_v1,validation/top5,14,1780387350.2783425,0.8913543224334717
convnext_tiny_20260602-0858_v1,validation/top5,15,1780387602.9753056,0.8918847441673279
convnext_tiny_20260602-0858_v1,validation/top5,16,1780387857.0978577,0.8917078971862793
convnext_tiny_20260602-0858_v1,validation/top5,17,1780388109.0844944,0.8917078971862793
convnext_tiny_20260602-0858_v1,validation/top5,18,1780388363.2038832,0.8923267126083374
convnext_tiny_20260602-0858_v1,validation/top5,19,1780388616.1729224,0.8922383189201355
convnext_tiny_20260602-0858_v1,validation/top5,20,1780388868.7193048,0.8922383189201355
convnext_tiny_20260602-0858_v1,validation/top5,21,1780389122.105176,0.8930339217185974
convnext_tiny_20260602-0858_v1,validation/top5,22,1780389375.5729136,0.8926803469657898
convnext_tiny_20260602-0858_v1,validation/top5,23,1780389627.7749624,0.8926803469657898
convnext_tiny_20260602-0858_v1,validation/top5,24,1780389883.5991216,0.8921499252319336
convnext_tiny_20260602-0858_v1,validation/top5,25,1780390136.8170156,0.8928571343421936
convnext_tiny_20260602-0858_v1,validation/top5,26,1780390389.838791,0.8931223750114441
convnext_tiny_20260602-0858_v1,validation/top5,27,1780390643.408177,0.8930339217185974
convnext_tiny_20260602-0858_v1,validation/top5,29,1780393183.9432166,0.8932991623878479
convnext_tiny_20260602-1258_v1,train/learning_rate,0,1780398166.9971936,0.0010000000474974513
convnext_tiny_20260602-1258_v1,train/learning_rate,1,1780398424.0999572,0.0010000000474974513
convnext_tiny_20260602-1258_v1,train/learning_rate,2,1780398681.0720563,0.0010000000474974513
convnext_tiny_20260602-1258_v1,train/learning_rate,3,1780398938.1182892,0.0010000000474974513
convnext_tiny_20260602-1258_v1,train/learning_rate,4,1780399196.0596807,0.0010000000474974513
convnext_tiny_20260602-1258_v1,train/learning_rate,5,1780399450.9408946,0.0010000000474974513
convnext_tiny_20260602-1258_v1,train/learning_rate,6,1780399707.6322854,0.0010000000474974513
convnext_tiny_20260602-1258_v1,train/learning_rate,7,1780399964.6707277,0.0010000000474974513
convnext_tiny_20260602-1258_v1,train/learning_rate,8,1780400221.0730832,0.0010000000474974513
convnext_tiny_20260602-1258_v1,train/learning_rate,9,1780400477.8321838,0.0010000000474974513
convnext_tiny_20260602-1258_v1,train/learning_rate,10,1780400735.1108978,0.0010000000474974513
convnext_tiny_20260602-1258_v1,train/learning_rate,11,1780400995.0710993,9.999999747378752e-05
convnext_tiny_20260602-1258_v1,train/learning_rate,12,1780401255.3598304,9.999999747378752e-05
convnext_tiny_20260602-1258_v1,train/learning_rate,13,1780401511.753156,9.999999747378752e-05
convnext_tiny_20260602-1258_v1,train/learning_rate,14,1780401771.311203,9.999999747378752e-05
convnext_tiny_20260602-1258_v1,train/learning_rate,15,1780402029.053289,9.999999747378752e-05
convnext_tiny_20260602-1258_v1,train/learning_rate,16,1780402286.1529434,9.999999747378752e-05
convnext_tiny_20260602-1258_v1,train/learning_rate,17,1780402545.1543794,9.999999747378752e-05
convnext_tiny_20260602-1258_v1,train/learning_rate,18,1780402799.5062208,9.999999747378752e-05
convnext_tiny_20260602-1258_v1,train/learning_rate,19,1780403057.8948336,9.999999747378752e-05
convnext_tiny_20260602-1258_v1,train/learning_rate,20,1780403315.121704,9.999999747378752e-05
convnext_tiny_20260602-1258_v1,train/learning_rate,21,1780403569.2108595,9.999999747378752e-05
convnext_tiny_20260602-1258_v1,train/learning_rate,22,1780403824.6519773,9.999999747378752e-05
convnext_tiny_20260602-1258_v1,train/learning_rate,23,1780404080.9309373,9.999999747378752e-05
convnext_tiny_20260602-1258_v1,train/learning_rate,24,1780404336.6547098,9.999999747378752e-05
convnext_tiny_20260602-1258_v1,train/learning_rate,25,1780404592.3413608,9.999999747378752e-05
convnext_tiny_20260602-1258_v1,train/learning_rate,26,1780404847.7469885,9.999999747378752e-06
convnext_tiny_20260602-1258_v1,train/learning_rate,27,1780405101.0028565,9.999999747378752e-06
convnext_tiny_20260602-1258_v1,train/learning_rate,28,1780405356.4468956,9.999999747378752e-06
convnext_tiny_20260602-1258_v1,train/learning_rate,29,1780405610.235721,9.999999747378752e-06
convnext_tiny_20260602-1258_v1,train/loss,0,1780398166.9970584,2.506650447845459
convnext_tiny_20260602-1258_v1,train/loss,1,1780398424.0998466,2.192260503768921
convnext_tiny_20260602-1258_v1,train/loss,2,1780398681.0719488,2.142500638961792
convnext_tiny_20260602-1258_v1,train/loss,3,1780398938.1181712,2.126722812652588
convnext_tiny_20260602-1258_v1,train/loss,4,1780399196.0595133,2.1131014823913574
convnext_tiny_20260602-1258_v1,train/loss,5,1780399450.9407787,2.104708194732666
convnext_tiny_20260602-1258_v1,train/loss,6,1780399707.632152,2.0965301990509033
convnext_tiny_20260602-1258_v1,train/loss,7,1780399964.6706057,2.0972609519958496
convnext_tiny_20260602-1258_v1,train/loss,8,1780400221.0729752,2.085127353668213
convnext_tiny_20260602-1258_v1,train/loss,9,1780400477.8320863,2.086806058883667
convnext_tiny_20260602-1258_v1,train/loss,10,1780400735.1107585,2.0849993228912354
convnext_tiny_20260602-1258_v1,train/loss,11,1780400995.0710003,2.08237361907959
convnext_tiny_20260602-1258_v1,train/loss,12,1780401255.3597035,2.025266408920288
convnext_tiny_20260602-1258_v1,train/loss,13,1780401511.7530422,2.0195376873016357
convnext_tiny_20260602-1258_v1,train/loss,14,1780401771.3110952,2.0138537883758545
convnext_tiny_20260602-1258_v1,train/loss,15,1780402029.053126,2.0128579139709473
convnext_tiny_20260602-1258_v1,train/loss,16,1780402286.152833,2.015690565109253
convnext_tiny_20260602-1258_v1,train/loss,17,1780402545.154277,2.011124610900879
convnext_tiny_20260602-1258_v1,train/loss,18,1780402799.5061128,2.0064499378204346
convnext_tiny_20260602-1258_v1,train/loss,19,1780403057.8946452,2.004669427871704
convnext_tiny_20260602-1258_v1,train/loss,20,1780403315.1216013,2.0067529678344727
convnext_tiny_20260602-1258_v1,train/loss,21,1780403569.2106998,2.0060055255889893
convnext_tiny_20260602-1258_v1,train/loss,22,1780403824.651873,2.0051400661468506
convnext_tiny_20260602-1258_v1,train/loss,23,1780404080.9308398,2.0043063163757324
convnext_tiny_20260602-1258_v1,train/loss,24,1780404336.6546006,1.9993371963500977
convnext_tiny_20260602-1258_v1,train/loss,25,1780404592.3412416,2.000170946121216
convnext_tiny_20260602-1258_v1,train/loss,26,1780404847.7468748,2.0038516521453857
convnext_tiny_20260602-1258_v1,train/loss,27,1780405101.0027435,1.9895720481872559
convnext_tiny_20260602-1258_v1,train/loss,28,1780405356.446787,1.9931526184082031
convnext_tiny_20260602-1258_v1,train/loss,29,1780405610.2355614,1.993726134300232
convnext_tiny_20260602-1258_v1,train/samples,0,1780398166.997178,64438.0
convnext_tiny_20260602-1258_v1,train/samples,1,1780398424.0999432,64438.0
convnext_tiny_20260602-1258_v1,train/samples,2,1780398681.072043,64438.0
convnext_tiny_20260602-1258_v1,train/samples,3,1780398938.1182756,64438.0
convnext_tiny_20260602-1258_v1,train/samples,4,1780399196.0596614,64438.0
convnext_tiny_20260602-1258_v1,train/samples,5,1780399450.9408805,64438.0
convnext_tiny_20260602-1258_v1,train/samples,6,1780399707.6322706,64438.0
convnext_tiny_20260602-1258_v1,train/samples,7,1780399964.6707137,64438.0
convnext_tiny_20260602-1258_v1,train/samples,8,1780400221.07307,64438.0
convnext_tiny_20260602-1258_v1,train/samples,9,1780400477.8321702,64438.0
convnext_tiny_20260602-1258_v1,train/samples,10,1780400735.1108823,64438.0
convnext_tiny_20260602-1258_v1,train/samples,11,1780400995.0710864,64438.0
convnext_tiny_20260602-1258_v1,train/samples,12,1780401255.3598156,64438.0
convnext_tiny_20260602-1258_v1,train/samples,13,1780401511.7531414,64438.0
convnext_tiny_20260602-1258_v1,train/samples,14,1780401771.3111897,64438.0
convnext_tiny_20260602-1258_v1,train/samples,15,1780402029.0532684,64438.0
convnext_tiny_20260602-1258_v1,train/samples,16,1780402286.1529295,64438.0
convnext_tiny_20260602-1258_v1,train/samples,17,1780402545.1543658,64438.0
convnext_tiny_20260602-1258_v1,train/samples,18,1780402799.5062075,64438.0
convnext_tiny_20260602-1258_v1,train/samples,19,1780403057.8948085,64438.0
convnext_tiny_20260602-1258_v1,train/samples,20,1780403315.1216905,64438.0
convnext_tiny_20260602-1258_v1,train/samples,21,1780403569.2108452,64438.0
convnext_tiny_20260602-1258_v1,train/samples,22,1780403824.6519632,64438.0
convnext_tiny_20260602-1258_v1,train/samples,23,1780404080.930924,64438.0
convnext_tiny_20260602-1258_v1,train/samples,24,1780404336.6546965,64438.0
convnext_tiny_20260602-1258_v1,train/samples,25,1780404592.3413465,64438.0
convnext_tiny_20260602-1258_v1,train/samples,26,1780404847.7469752,64438.0
convnext_tiny_20260602-1258_v1,train/samples,27,1780405101.0028408,64438.0
convnext_tiny_20260602-1258_v1,train/samples,28,1780405356.446882,64438.0
convnext_tiny_20260602-1258_v1,train/samples,29,1780405610.2357063,64438.0
convnext_tiny_20260602-1258_v1,train/top1,0,1780398166.9971385,0.5169464945793152
convnext_tiny_20260602-1258_v1,train/top1,1,1780398424.0999045,0.5984202027320862
convnext_tiny_20260602-1258_v1,train/top1,2,1780398681.0720084,0.6131009459495544
convnext_tiny_20260602-1258_v1,train/top1,3,1780398938.1182275,0.6206741333007812
convnext_tiny_20260602-1258_v1,train/top1,4,1780399196.0595992,0.6248331665992737
convnext_tiny_20260602-1258_v1,train/top1,5,1780399450.940843,0.6268971562385559
convnext_tiny_20260602-1258_v1,train/top1,6,1780399707.6322112,0.630450963973999
convnext_tiny_20260602-1258_v1,train/top1,7,1780399964.6706617,0.629737138748169
convnext_tiny_20260602-1258_v1,train/top1,8,1780400221.073035,0.6327788233757019
convnext_tiny_20260602-1258_v1,train/top1,9,1780400477.832137,0.6326236128807068
convnext_tiny_20260602-1258_v1,train/top1,10,1780400735.1108224,0.6349514126777649
convnext_tiny_20260602-1258_v1,train/top1,11,1780400995.071054,0.6346410512924194
convnext_tiny_20260602-1258_v1,train/top1,12,1780401255.359768,0.6529066562652588
convnext_tiny_20260602-1258_v1,train/top1,13,1780401511.7531054,0.6535118818283081
convnext_tiny_20260602-1258_v1,train/top1,14,1780401771.3111541,0.6570501923561096
convnext_tiny_20260602-1258_v1,train/top1,15,1780402029.0531957,0.6564294099807739
convnext_tiny_20260602-1258_v1,train/top1,16,1780402286.1528854,0.6560879945755005
convnext_tiny_20260602-1258_v1,train/top1,17,1780402545.1543314,0.6571743488311768
convnext_tiny_20260602-1258_v1,train/top1,18,1780402799.5061731,0.6585555076599121
convnext_tiny_20260602-1258_v1,train/top1,19,1780403057.8947024,0.6590055823326111
convnext_tiny_20260602-1258_v1,train/top1,20,1780403315.1216574,0.6581830382347107
convnext_tiny_20260602-1258_v1,train/top1,21,1780403569.2107925,0.6600608229637146
convnext_tiny_20260602-1258_v1,train/top1,22,1780403824.6519272,0.6567863821983337
convnext_tiny_20260602-1258_v1,train/top1,23,1780404080.9308915,0.6597039103507996
convnext_tiny_20260602-1258_v1,train/top1,24,1780404336.6546617,0.6613954305648804
convnext_tiny_20260602-1258_v1,train/top1,25,1780404592.341309,0.659207284450531
convnext_tiny_20260602-1258_v1,train/top1,26,1780404847.746943,0.6611316204071045
convnext_tiny_20260602-1258_v1,train/top1,27,1780405101.0028012,0.6666097640991211
convnext_tiny_20260602-1258_v1,train/top1,28,1780405356.4468458,0.6642043590545654
convnext_tiny_20260602-1258_v1,train/top1,29,1780405610.2356532,0.6628076434135437
convnext_tiny_20260602-1258_v1,train/top5,0,1780398166.997158,0.7746515870094299
convnext_tiny_20260602-1258_v1,train/top5,1,1780398424.0999227,0.8433998823165894
convnext_tiny_20260602-1258_v1,train/top5,2,1780398681.072024,0.8525404334068298
convnext_tiny_20260602-1258_v1,train/top5,3,1780398938.1182559,0.8556286692619324
convnext_tiny_20260602-1258_v1,train/top5,4,1780399196.0596268,0.8582047820091248
convnext_tiny_20260602-1258_v1,train/top5,5,1780399450.9408603,0.8587169051170349
convnext_tiny_20260602-1258_v1,train/top5,6,1780399707.6322281,0.8608739972114563
convnext_tiny_20260602-1258_v1,train/top5,7,1780399964.6706924,0.8611999154090881
convnext_tiny_20260602-1258_v1,train/top5,8,1780400221.0730503,0.8638070821762085
convnext_tiny_20260602-1258_v1,train/top5,9,1780400477.8321536,0.8641329407691956
convnext_tiny_20260602-1258_v1,train/top5,10,1780400735.110848,0.8636363744735718
convnext_tiny_20260602-1258_v1,train/top5,11,1780400995.07107,0.8637760281562805
convnext_tiny_20260602-1258_v1,train/top5,12,1780401255.3597906,0.8762996792793274
convnext_tiny_20260602-1258_v1,train/top5,13,1780401511.7531214,0.8766876459121704
convnext_tiny_20260602-1258_v1,train/top5,14,1780401771.3111699,0.8780843615531921
convnext_tiny_20260602-1258_v1,train/top5,15,1780402029.0532207,0.8777740001678467
convnext_tiny_20260602-1258_v1,train/top5,16,1780402286.1529095,0.8776653409004211
convnext_tiny_20260602-1258_v1,train/top5,17,1780402545.154347,0.8784878253936768
convnext_tiny_20260602-1258_v1,train/top5,18,1780402799.5061886,0.8806139230728149
convnext_tiny_20260602-1258_v1,train/top5,19,1780403057.8947186,0.8813743591308594
convnext_tiny_20260602-1258_v1,train/top5,20,1780403315.1216738,0.8792327642440796
convnext_tiny_20260602-1258_v1,train/top5,21,1780403569.2108178,0.8801328539848328
convnext_tiny_20260602-1258_v1,train/top5,22,1780403824.6519434,0.8802414536476135
convnext_tiny_20260602-1258_v1,train/top5,23,1780404080.9309075,0.8804897665977478
convnext_tiny_20260602-1258_v1,train/top5,24,1780404336.6546774,0.8796672821044922
convnext_tiny_20260602-1258_v1,train/top5,25,1780404592.341326,0.8813278079032898
convnext_tiny_20260602-1258_v1,train/top5,26,1780404847.7469583,0.8786585330963135
convnext_tiny_20260602-1258_v1,train/top5,27,1780405101.002817,0.8825693130493164
convnext_tiny_20260602-1258_v1,train/top5,28,1780405356.4468617,0.8816381692886353
convnext_tiny_20260602-1258_v1,train/top5,29,1780405610.2356784,0.883003830909729
convnext_tiny_20260602-1258_v1,validation/loss,0,1780398166.997216,2.051980972290039
convnext_tiny_20260602-1258_v1,validation/loss,1,1780398424.0999784,2.003493309020996
convnext_tiny_20260602-1258_v1,validation/loss,2,1780398681.0720775,1.9764713048934937
convnext_tiny_20260602-1258_v1,validation/loss,3,1780398938.1183116,1.9702774286270142
convnext_tiny_20260602-1258_v1,validation/loss,4,1780399196.05971,1.9655746221542358
convnext_tiny_20260602-1258_v1,validation/loss,5,1780399450.9409168,1.963333249092102
convnext_tiny_20260602-1258_v1,validation/loss,6,1780399707.6323078,1.9558569192886353
convnext_tiny_20260602-1258_v1,validation/loss,7,1780399964.67075,1.953121304512024
convnext_tiny_20260602-1258_v1,validation/loss,8,1780400221.0731044,1.94924795627594
convnext_tiny_20260602-1258_v1,validation/loss,9,1780400477.832209,1.9555937051773071
convnext_tiny_20260602-1258_v1,validation/loss,10,1780400735.110921,1.9498422145843506
convnext_tiny_20260602-1258_v1,validation/loss,11,1780400995.071121,1.947084903717041
convnext_tiny_20260602-1258_v1,validation/loss,12,1780401255.3598547,1.929699420928955
convnext_tiny_20260602-1258_v1,validation/loss,13,1780401511.7531774,1.9256528615951538
convnext_tiny_20260602-1258_v1,validation/loss,14,1780401771.3112245,1.922796368598938
convnext_tiny_20260602-1258_v1,validation/loss,15,1780402029.0533245,1.9210444688796997
convnext_tiny_20260602-1258_v1,validation/loss,16,1780402286.152965,1.9194202423095703
convnext_tiny_20260602-1258_v1,validation/loss,17,1780402545.1544008,1.917917251586914
convnext_tiny_20260602-1258_v1,validation/loss,18,1780402799.5062618,1.9167522192001343
convnext_tiny_20260602-1258_v1,validation/loss,19,1780403057.8948596,1.915927767753601
convnext_tiny_20260602-1258_v1,validation/loss,20,1780403315.121726,1.9152194261550903
convnext_tiny_20260602-1258_v1,validation/loss,21,1780403569.2108848,1.9141857624053955
convnext_tiny_20260602-1258_v1,validation/loss,22,1780403824.6519988,1.9135725498199463
convnext_tiny_20260602-1258_v1,validation/loss,23,1780404080.9309583,1.9125938415527344
convnext_tiny_20260602-1258_v1,validation/loss,24,1780404336.654731,1.9118537902832031
convnext_tiny_20260602-1258_v1,validation/loss,25,1780404592.3413842,1.910719394683838
convnext_tiny_20260602-1258_v1,validation/loss,26,1780404847.7470102,1.9099339246749878
convnext_tiny_20260602-1258_v1,validation/loss,27,1780405101.002878,1.9095088243484497
convnext_tiny_20260602-1258_v1,validation/loss,28,1780405356.4469178,1.9091875553131104
convnext_tiny_20260602-1258_v1,validation/loss,29,1780405610.2357476,1.9090051651000977
convnext_tiny_20260602-1258_v1,validation/samples,0,1780398166.9972656,11312.0
convnext_tiny_20260602-1258_v1,validation/samples,1,1780398424.1000106,11312.0
convnext_tiny_20260602-1258_v1,validation/samples,2,1780398681.072114,11312.0
convnext_tiny_20260602-1258_v1,validation/samples,3,1780398938.118345,11312.0
convnext_tiny_20260602-1258_v1,validation/samples,4,1780399196.059762,11312.0
convnext_tiny_20260602-1258_v1,validation/samples,5,1780399450.9409566,11312.0
convnext_tiny_20260602-1258_v1,validation/samples,6,1780399707.63234,11312.0
convnext_tiny_20260602-1258_v1,validation/samples,7,1780399964.6707835,11312.0
convnext_tiny_20260602-1258_v1,validation/samples,8,1780400221.0731385,11312.0
convnext_tiny_20260602-1258_v1,validation/samples,9,1780400477.832258,11312.0
convnext_tiny_20260602-1258_v1,validation/samples,10,1780400735.110956,11312.0
convnext_tiny_20260602-1258_v1,validation/samples,11,1780400995.0711544,11312.0
convnext_tiny_20260602-1258_v1,validation/samples,12,1780401255.3598886,11312.0
convnext_tiny_20260602-1258_v1,validation/samples,13,1780401511.7532105,11312.0
convnext_tiny_20260602-1258_v1,validation/samples,14,1780401771.3112757,11312.0
convnext_tiny_20260602-1258_v1,validation/samples,15,1780402029.053364,11312.0
convnext_tiny_20260602-1258_v1,validation/samples,16,1780402286.1529982,11312.0
convnext_tiny_20260602-1258_v1,validation/samples,17,1780402545.154433,11312.0
convnext_tiny_20260602-1258_v1,validation/samples,18,1780402799.506296,11312.0
convnext_tiny_20260602-1258_v1,validation/samples,19,1780403057.8948925,11312.0
convnext_tiny_20260602-1258_v1,validation/samples,20,1780403315.1217587,11312.0
convnext_tiny_20260602-1258_v1,validation/samples,21,1780403569.210923,11312.0
convnext_tiny_20260602-1258_v1,validation/samples,22,1780403824.6520314,11312.0
convnext_tiny_20260602-1258_v1,validation/samples,23,1780404080.9309921,11312.0
convnext_tiny_20260602-1258_v1,validation/samples,24,1780404336.6547666,11312.0
convnext_tiny_20260602-1258_v1,validation/samples,25,1780404592.3414161,11312.0
convnext_tiny_20260602-1258_v1,validation/samples,26,1780404847.7470434,11312.0
convnext_tiny_20260602-1258_v1,validation/samples,27,1780405101.0029116,11312.0
convnext_tiny_20260602-1258_v1,validation/samples,28,1780405356.4469519,11312.0
convnext_tiny_20260602-1258_v1,validation/samples,29,1780405610.2357814,11312.0
convnext_tiny_20260602-1258_v1,validation/top1,0,1780398166.9972267,0.6444483995437622
convnext_tiny_20260602-1258_v1,validation/top1,1,1780398424.0999897,0.6583274602890015
convnext_tiny_20260602-1258_v1,validation/top1,2,1780398681.0720892,0.6692008376121521
convnext_tiny_20260602-1258_v1,validation/top1,3,1780398938.118323,0.6721181273460388
convnext_tiny_20260602-1258_v1,validation/top1,4,1780399196.0597277,0.6713224649429321
convnext_tiny_20260602-1258_v1,validation/top1,5,1780399450.9409282,0.6714109182357788
convnext_tiny_20260602-1258_v1,validation/top1,6,1780399707.632319,0.6737977266311646
convnext_tiny_20260602-1258_v1,validation/top1,7,1780399964.6707616,0.6759193539619446
convnext_tiny_20260602-1258_v1,validation/top1,8,1780400221.073117,0.6772453784942627
convnext_tiny_20260602-1258_v1,validation/top1,9,1780400477.832221,0.674770176410675
convnext_tiny_20260602-1258_v1,validation/top1,10,1780400735.1109343,0.6775990128517151
convnext_tiny_20260602-1258_v1,validation/top1,11,1780400995.071133,0.676980197429657
convnext_tiny_20260602-1258_v1,validation/top1,12,1780401255.359866,0.6820191144943237
convnext_tiny_20260602-1258_v1,validation/top1,13,1780401511.7531888,0.68537837266922
convnext_tiny_20260602-1258_v1,validation/top1,14,1780401771.3112535,0.68537837266922
convnext_tiny_20260602-1258_v1,validation/top1,15,1780402029.0533395,0.6869695782661438
convnext_tiny_20260602-1258_v1,validation/top1,16,1780402286.1529772,0.6875883936882019
convnext_tiny_20260602-1258_v1,validation/top1,17,1780402545.1544113,0.6877651810646057
convnext_tiny_20260602-1258_v1,validation/top1,18,1780402799.5062735,0.6890912055969238
convnext_tiny_20260602-1258_v1,validation/top1,19,1780403057.894871,0.6887376308441162
convnext_tiny_20260602-1258_v1,validation/top1,20,1780403315.1217377,0.68962162733078
convnext_tiny_20260602-1258_v1,validation/top1,21,1780403569.2108986,0.6875883936882019
convnext_tiny_20260602-1258_v1,validation/top1,22,1780403824.6520104,0.6884723901748657
convnext_tiny_20260602-1258_v1,validation/top1,23,1780404080.93097,0.68962162733078
convnext_tiny_20260602-1258_v1,validation/top1,24,1780404336.6547425,0.6897984147071838
convnext_tiny_20260602-1258_v1,validation/top1,25,1780404592.3413951,0.6898868680000305
convnext_tiny_20260602-1258_v1,validation/top1,26,1780404847.747022,0.6884723901748657
convnext_tiny_20260602-1258_v1,validation/top1,27,1780405101.002889,0.6886492371559143
convnext_tiny_20260602-1258_v1,validation/top1,28,1780405356.4469297,0.6898868680000305
convnext_tiny_20260602-1258_v1,validation/top1,29,1780405610.2357597,0.6897100210189819
convnext_tiny_20260602-1258_v1,validation/top5,0,1780398166.9972548,0.8697842955589294
convnext_tiny_20260602-1258_v1,validation/top5,1,1780398424.1,0.8762376308441162
convnext_tiny_20260602-1258_v1,validation/top5,2,1780398681.0720997,0.8818069100379944
convnext_tiny_20260602-1258_v1,validation/top5,3,1780398938.1183336,0.8823373317718506
convnext_tiny_20260602-1258_v1,validation/top5,4,1780399196.0597446,0.8836633563041687
convnext_tiny_20260602-1258_v1,validation/top5,5,1780399450.940939,0.883398175239563
convnext_tiny_20260602-1258_v1,validation/top5,6,1780399707.6323295,0.8868458271026611
convnext_tiny_20260602-1258_v1,validation/top5,7,1780399964.670772,0.8856965899467468
convnext_tiny_20260602-1258_v1,validation/top5,8,1780400221.0731277,0.8859618306159973
convnext_tiny_20260602-1258_v1,validation/top5,9,1780400477.8322458,0.8853430151939392
convnext_tiny_20260602-1258_v1,validation/top5,10,1780400735.110945,0.8861386179924011
convnext_tiny_20260602-1258_v1,validation/top5,11,1780400995.0711434,0.886227011680603
convnext_tiny_20260602-1258_v1,validation/top5,12,1780401255.359877,0.8898515105247498
convnext_tiny_20260602-1258_v1,validation/top5,13,1780401511.7531993,0.8905587196350098
convnext_tiny_20260602-1258_v1,validation/top5,14,1780401771.3112643,0.8913543224334717
convnext_tiny_20260602-1258_v1,validation/top5,15,1780402029.0533524,0.8918847441673279
convnext_tiny_20260602-1258_v1,validation/top5,16,1780402286.1529875,0.8917078971862793
convnext_tiny_20260602-1258_v1,validation/top5,17,1780402545.1544228,0.8917078971862793
convnext_tiny_20260602-1258_v1,validation/top5,18,1780402799.5062847,0.8923267126083374
convnext_tiny_20260602-1258_v1,validation/top5,19,1780403057.8948812,0.8922383189201355
convnext_tiny_20260602-1258_v1,validation/top5,20,1780403315.1217482,0.8922383189201355
convnext_tiny_20260602-1258_v1,validation/top5,21,1780403569.210912,0.8930339217185974
convnext_tiny_20260602-1258_v1,validation/top5,22,1780403824.652021,0.8926803469657898
convnext_tiny_20260602-1258_v1,validation/top5,23,1780404080.9309812,0.8926803469657898
convnext_tiny_20260602-1258_v1,validation/top5,24,1780404336.654753,0.8921499252319336
convnext_tiny_20260602-1258_v1,validation/top5,25,1780404592.3414054,0.8928571343421936
convnext_tiny_20260602-1258_v1,validation/top5,26,1780404847.7470326,0.8931223750114441
convnext_tiny_20260602-1258_v1,validation/top5,27,1780405101.0029,0.8930339217185974
convnext_tiny_20260602-1258_v1,validation/top5,28,1780405356.446941,0.8932991623878479
convnext_tiny_20260602-1258_v1,validation/top5,29,1780405610.2357705,0.8934759497642517
efficientnet_b0_20260601-1625_v1,train/learning_rate,0,1780316639.875175,0.0010000000474974513
efficientnet_b0_20260601-1625_v1,train/learning_rate,0,1780317336.3745332,0.0010000000474974513
efficientnet_b0_20260601-1625_v1,train/learning_rate,0,1780318683.75926,0.0010000000474974513
efficientnet_b0_20260601-1625_v1,train/learning_rate,1,1780319993.5415099,0.0010000000474974513
efficientnet_b0_20260601-1625_v1,train/learning_rate,2,1780321287.387241,0.0010000000474974513
efficientnet_b0_20260601-1625_v1,train/learning_rate,3,1780322578.3990452,0.0010000000474974513
efficientnet_b0_20260601-1625_v1,train/learning_rate,4,1780323944.874946,0.0010000000474974513
efficientnet_b0_20260601-1625_v1,train/loss,0,1780316639.875067,4.69999885559082
efficientnet_b0_20260601-1625_v1,train/loss,0,1780317336.374444,4.69999885559082
efficientnet_b0_20260601-1625_v1,train/loss,0,1780318683.757868,3.180778980255127
efficientnet_b0_20260601-1625_v1,train/loss,1,1780319993.5405629,2.930410385131836
efficientnet_b0_20260601-1625_v1,train/loss,2,1780321287.3870468,2.8975272178649902
efficientnet_b0_20260601-1625_v1,train/loss,3,1780322578.398884,2.887310266494751
efficientnet_b0_20260601-1625_v1,train/loss,4,1780323944.873985,2.8877999782562256
efficientnet_b0_20260601-1625_v1,train/samples,0,1780316639.875167,80.0
efficientnet_b0_20260601-1625_v1,train/samples,0,1780317336.374526,80.0
efficientnet_b0_20260601-1625_v1,train/samples,0,1780318683.7592478,64438.0
efficientnet_b0_20260601-1625_v1,train/samples,1,1780319993.541496,64438.0
efficientnet_b0_20260601-1625_v1,train/samples,2,1780321287.387234,64438.0
efficientnet_b0_20260601-1625_v1,train/samples,3,1780322578.399036,64438.0
efficientnet_b0_20260601-1625_v1,train/samples,4,1780323944.874933,64438.0
efficientnet_b0_20260601-1625_v1,train/top1,0,1780316639.875144,0.012500000186264515
efficientnet_b0_20260601-1625_v1,train/top1,0,1780317336.3745081,0.012500000186264515
efficientnet_b0_20260601-1625_v1,train/top1,0,1780318683.759114,0.34135138988494873
efficientnet_b0_20260601-1625_v1,train/top1,1,1780319993.541474,0.4022005796432495
efficientnet_b0_20260601-1625_v1,train/top1,2,1780321287.387212,0.41037896275520325
efficientnet_b0_20260601-1625_v1,train/top1,3,1780322578.399007,0.4132344126701355
efficientnet_b0_20260601-1625_v1,train/top1,4,1780323944.874196,0.41588813066482544
efficientnet_b0_20260601-1625_v1,train/top5,0,1780316639.875156,0.02500000037252903
efficientnet_b0_20260601-1625_v1,train/top5,0,1780317336.374517,0.02500000037252903
efficientnet_b0_20260601-1625_v1,train/top5,0,1780318683.759122,0.6008411049842834
efficientnet_b0_20260601-1625_v1,train/top5,1,1780319993.541484,0.6676960587501526
efficientnet_b0_20260601-1625_v1,train/top5,2,1780321287.387224,0.6802663207054138
efficientnet_b0_20260601-1625_v1,train/top5,3,1780322578.39902,0.6801732182502747
efficientnet_b0_20260601-1625_v1,train/top5,4,1780323944.874204,0.6804835796356201
efficientnet_b0_20260601-1625_v1,validation/loss,0,1780316639.875197,4.5274152755737305
efficientnet_b0_20260601-1625_v1,validation/loss,0,1780317336.374551,4.5274152755737305
efficientnet_b0_20260601-1625_v1,validation/loss,0,1780318683.759279,2.6555986404418945
efficientnet_b0_20260601-1625_v1,validation/loss,1,1780319993.54158,2.626492977142334
efficientnet_b0_20260601-1625_v1,validation/loss,2,1780321287.387264,2.613294839859009
efficientnet_b0_20260601-1625_v1,validation/loss,3,1780322578.3990679,2.608604907989502
efficientnet_b0_20260601-1625_v1,validation/loss,4,1780323944.874963,2.5603725910186768
efficientnet_b0_20260601-1625_v1,validation/samples,0,1780316639.875221,80.0
efficientnet_b0_20260601-1625_v1,validation/samples,0,1780317336.374571,80.0
efficientnet_b0_20260601-1625_v1,validation/samples,0,1780318683.759294,11312.0
efficientnet_b0_20260601-1625_v1,validation/samples,1,1780319993.541654,11312.0
efficientnet_b0_20260601-1625_v1,validation/samples,2,1780321287.387285,11312.0
efficientnet_b0_20260601-1625_v1,validation/samples,3,1780322578.399093,11312.0
efficientnet_b0_20260601-1625_v1,validation/samples,4,1780323944.874979,11312.0
efficientnet_b0_20260601-1625_v1,validation/top1,0,1780316639.875205,0.0
efficientnet_b0_20260601-1625_v1,validation/top1,0,1780317336.374558,0.0
efficientnet_b0_20260601-1625_v1,validation/top1,0,1780318683.759285,0.4733910858631134
efficientnet_b0_20260601-1625_v1,validation/top1,1,1780319993.541586,0.48762375116348267
efficientnet_b0_20260601-1625_v1,validation/top1,2,1780321287.387272,0.4910714328289032
efficientnet_b0_20260601-1625_v1,validation/top1,3,1780322578.3990772,0.4906294345855713
efficientnet_b0_20260601-1625_v1,validation/top1,4,1780323944.874968,0.5081329345703125
efficientnet_b0_20260601-1625_v1,validation/top5,0,1780316639.8752131,0.0
efficientnet_b0_20260601-1625_v1,validation/top5,0,1780317336.3745642,0.0
efficientnet_b0_20260601-1625_v1,validation/top5,0,1780318683.759289,0.7355021238327026
efficientnet_b0_20260601-1625_v1,validation/top5,1,1780319993.5416472,0.7415134310722351
efficientnet_b0_20260601-1625_v1,validation/top5,2,1780321287.387279,0.7457567453384399
efficientnet_b0_20260601-1625_v1,validation/top5,3,1780322578.399085,0.7468175292015076
efficientnet_b0_20260601-1625_v1,validation/top5,4,1780323944.8749728,0.7556577324867249
efficientnet_b0_20260602-0040_v1,train/learning_rate,0,1780353739.458347,0.0010000000474974513
efficientnet_b0_20260602-0040_v1,train/learning_rate,1,1780353833.852812,0.0010000000474974513
efficientnet_b0_20260602-0040_v1,train/learning_rate,2,1780353927.9145856,0.0010000000474974513
efficientnet_b0_20260602-0040_v1,train/learning_rate,3,1780354022.4043515,0.0010000000474974513
efficientnet_b0_20260602-0040_v1,train/learning_rate,4,1780354119.3133783,0.0010000000474974513
efficientnet_b0_20260602-0040_v1,train/learning_rate,5,1780354214.171432,0.0010000000474974513
efficientnet_b0_20260602-0040_v1,train/learning_rate,6,1780354309.4795678,0.0010000000474974513
efficientnet_b0_20260602-0040_v1,train/learning_rate,7,1780354403.535952,0.0010000000474974513
efficientnet_b0_20260602-0040_v1,train/learning_rate,8,1780354498.2254705,0.0010000000474974513
efficientnet_b0_20260602-0040_v1,train/learning_rate,9,1780354592.2550404,0.0010000000474974513
efficientnet_b0_20260602-0040_v1,train/learning_rate,10,1780354686.4993126,0.0010000000474974513
efficientnet_b0_20260602-0040_v1,train/learning_rate,11,1780354781.3225088,0.0010000000474974513
efficientnet_b0_20260602-0040_v1,train/learning_rate,12,1780354877.0129604,0.0010000000474974513
efficientnet_b0_20260602-0040_v1,train/learning_rate,13,1780354973.2383099,0.0010000000474974513
efficientnet_b0_20260602-0040_v1,train/learning_rate,14,1780355067.5844216,9.999999747378752e-05
efficientnet_b0_20260602-0040_v1,train/learning_rate,15,1780355161.747868,9.999999747378752e-05
efficientnet_b0_20260602-0040_v1,train/learning_rate,16,1780355256.1956692,9.999999747378752e-05
efficientnet_b0_20260602-0040_v1,train/learning_rate,17,1780355350.8358862,9.999999747378752e-05
efficientnet_b0_20260602-0040_v1,train/learning_rate,18,1780355445.588357,9.999999747378752e-05
efficientnet_b0_20260602-0040_v1,train/learning_rate,19,1780355540.3493583,9.999999747378752e-05
efficientnet_b0_20260602-0040_v1,train/learning_rate,20,1780355635.7136657,9.999999747378752e-05
efficientnet_b0_20260602-0040_v1,train/learning_rate,21,1780355731.7155142,9.999999747378752e-05
efficientnet_b0_20260602-0040_v1,train/learning_rate,22,1780355828.0669858,9.999999747378752e-05
efficientnet_b0_20260602-0040_v1,train/learning_rate,23,1780355923.0446918,9.999999747378752e-05
efficientnet_b0_20260602-0040_v1,train/learning_rate,24,1780356017.6862447,9.999999747378752e-05
efficientnet_b0_20260602-0040_v1,train/learning_rate,25,1780356116.2037158,9.999999747378752e-05
efficientnet_b0_20260602-0040_v1,train/learning_rate,26,1780356210.7605205,9.999999747378752e-05
efficientnet_b0_20260602-0040_v1,train/learning_rate,27,1780356305.8280654,9.999999747378752e-05
efficientnet_b0_20260602-0040_v1,train/learning_rate,28,1780356400.4290652,9.999999747378752e-06
efficientnet_b0_20260602-0040_v1,train/learning_rate,29,1780356496.020926,9.999999747378752e-06
efficientnet_b0_20260602-0040_v1,train/loss,0,1780353739.4582877,3.2268197536468506
efficientnet_b0_20260602-0040_v1,train/loss,1,1780353833.8527436,2.8018698692321777
efficientnet_b0_20260602-0040_v1,train/loss,2,1780353927.914537,2.7378640174865723
efficientnet_b0_20260602-0040_v1,train/loss,3,1780354022.4043038,2.71052622795105
efficientnet_b0_20260602-0040_v1,train/loss,4,1780354119.313327,2.6947901248931885
efficientnet_b0_20260602-0040_v1,train/loss,5,1780354214.171382,2.677605152130127
efficientnet_b0_20260602-0040_v1,train/loss,6,1780354309.4795177,2.6729958057403564
efficientnet_b0_20260602-0040_v1,train/loss,7,1780354403.5359044,2.6688268184661865
efficientnet_b0_20260602-0040_v1,train/loss,8,1780354498.2254205,2.668081760406494
efficientnet_b0_20260602-0040_v1,train/loss,9,1780354592.254984,2.668363571166992
efficientnet_b0_20260602-0040_v1,train/loss,10,1780354686.499267,2.6609177589416504
efficientnet_b0_20260602-0040_v1,train/loss,11,1780354781.322463,2.6613640785217285
efficientnet_b0_20260602-0040_v1,train/loss,12,1780354877.0129132,2.6624691486358643
efficientnet_b0_20260602-0040_v1,train/loss,13,1780354973.238261,2.660322666168213
efficientnet_b0_20260602-0040_v1,train/loss,14,1780355067.5843756,2.6644504070281982
efficientnet_b0_20260602-0040_v1,train/loss,15,1780355161.7478185,2.59999942779541
efficientnet_b0_20260602-0040_v1,train/loss,16,1780355256.195621,2.5876715183258057
efficientnet_b0_20260602-0040_v1,train/loss,17,1780355350.8358393,2.582791805267334
efficientnet_b0_20260602-0040_v1,train/loss,18,1780355445.5883088,2.579648494720459
efficientnet_b0_20260602-0040_v1,train/loss,19,1780355540.3493109,2.575385332107544
efficientnet_b0_20260602-0040_v1,train/loss,20,1780355635.7136154,2.5692672729492188
efficientnet_b0_20260602-0040_v1,train/loss,21,1780355731.7154663,2.574549436569214
efficientnet_b0_20260602-0040_v1,train/loss,22,1780355828.0669384,2.5680365562438965
efficientnet_b0_20260602-0040_v1,train/loss,23,1780355923.0446432,2.5659966468811035
efficientnet_b0_20260602-0040_v1,train/loss,24,1780356017.686197,2.5588698387145996
efficientnet_b0_20260602-0040_v1,train/loss,25,1780356116.2036679,2.5634896755218506
efficientnet_b0_20260602-0040_v1,train/loss,26,1780356210.7604733,2.560771942138672
efficientnet_b0_20260602-0040_v1,train/loss,27,1780356305.828018,2.556710958480835
efficientnet_b0_20260602-0040_v1,train/loss,28,1780356400.4290218,2.5620133876800537
efficientnet_b0_20260602-0040_v1,train/loss,29,1780356496.0208786,2.552718162536621
efficientnet_b0_20260602-0040_v1,train/samples,0,1780353739.458341,64438.0
efficientnet_b0_20260602-0040_v1,train/samples,1,1780353833.8528066,64438.0
efficientnet_b0_20260602-0040_v1,train/samples,2,1780353927.91458,64438.0
efficientnet_b0_20260602-0040_v1,train/samples,3,1780354022.4043462,64438.0
efficientnet_b0_20260602-0040_v1,train/samples,4,1780354119.3133729,64438.0
efficientnet_b0_20260602-0040_v1,train/samples,5,1780354214.1714268,64438.0
efficientnet_b0_20260602-0040_v1,train/samples,6,1780354309.4795623,64438.0
efficientnet_b0_20260602-0040_v1,train/samples,7,1780354403.535947,64438.0
efficientnet_b0_20260602-0040_v1,train/samples,8,1780354498.2254648,64438.0
efficientnet_b0_20260602-0040_v1,train/samples,9,1780354592.2550354,64438.0
efficientnet_b0_20260602-0040_v1,train/samples,10,1780354686.4993076,64438.0
efficientnet_b0_20260602-0040_v1,train/samples,11,1780354781.3225036,64438.0
efficientnet_b0_20260602-0040_v1,train/samples,12,1780354877.0129554,64438.0
efficientnet_b0_20260602-0040_v1,train/samples,13,1780354973.2383046,64438.0
efficientnet_b0_20260602-0040_v1,train/samples,14,1780355067.5844162,64438.0
efficientnet_b0_20260602-0040_v1,train/samples,15,1780355161.7478628,64438.0
efficientnet_b0_20260602-0040_v1,train/samples,16,1780355256.195664,64438.0
efficientnet_b0_20260602-0040_v1,train/samples,17,1780355350.835881,64438.0
efficientnet_b0_20260602-0040_v1,train/samples,18,1780355445.588352,64438.0
efficientnet_b0_20260602-0040_v1,train/samples,19,1780355540.3493521,64438.0
efficientnet_b0_20260602-0040_v1,train/samples,20,1780355635.713661,64438.0
efficientnet_b0_20260602-0040_v1,train/samples,21,1780355731.7155092,64438.0
efficientnet_b0_20260602-0040_v1,train/samples,22,1780355828.0669808,64438.0
efficientnet_b0_20260602-0040_v1,train/samples,23,1780355923.0446863,64438.0
efficientnet_b0_20260602-0040_v1,train/samples,24,1780356017.6862395,64438.0
efficientnet_b0_20260602-0040_v1,train/samples,25,1780356116.2037108,64438.0
efficientnet_b0_20260602-0040_v1,train/samples,26,1780356210.760515,64438.0
efficientnet_b0_20260602-0040_v1,train/samples,27,1780356305.828059,64438.0
efficientnet_b0_20260602-0040_v1,train/samples,28,1780356400.4290597,64438.0
efficientnet_b0_20260602-0040_v1,train/samples,29,1780356496.0209205,64438.0
efficientnet_b0_20260602-0040_v1,train/top1,0,1780353739.4583242,0.34636393189430237
efficientnet_b0_20260602-0040_v1,train/top1,1,1780353833.8527899,0.43575218319892883
efficientnet_b0_20260602-0040_v1,train/top1,2,1780353927.914565,0.4531332552433014
efficientnet_b0_20260602-0040_v1,train/top1,3,1780354022.404332,0.45854929089546204
efficientnet_b0_20260602-0040_v1,train/top1,4,1780354119.3133583,0.4626617729663849
efficientnet_b0_20260602-0040_v1,train/top1,5,1780354214.1714118,0.46860548853874207
efficientnet_b0_20260602-0040_v1,train/top1,6,1780354309.479546,0.4679226577281952
efficientnet_b0_20260602-0040_v1,train/top1,7,1780354403.5359328,0.4700177013874054
efficientnet_b0_20260602-0040_v1,train/top1,8,1780354498.2254505,0.47181788086891174
efficientnet_b0_20260602-0040_v1,train/top1,9,1780354592.2550201,0.4690244793891907
efficientnet_b0_20260602-0040_v1,train/top1,10,1780354686.4992948,0.4718644320964813
efficientnet_b0_20260602-0040_v1,train/top1,11,1780354781.3224897,0.4702349603176117
efficientnet_b0_20260602-0040_v1,train/top1,12,1780354877.012941,0.4713367819786072
efficientnet_b0_20260602-0040_v1,train/top1,13,1780354973.2382894,0.47354045510292053
efficientnet_b0_20260602-0040_v1,train/top1,14,1780355067.5844028,0.4723920524120331
efficientnet_b0_20260602-0040_v1,train/top1,15,1780355161.747848,0.48718148469924927
efficientnet_b0_20260602-0040_v1,train/top1,16,1780355256.1956494,0.4892765283584595
efficientnet_b0_20260602-0040_v1,train/top1,17,1780355350.835867,0.49295446276664734
efficientnet_b0_20260602-0040_v1,train/top1,18,1780355445.588338,0.49250441789627075
efficientnet_b0_20260602-0040_v1,train/top1,19,1780355540.349338,0.4924113154411316
efficientnet_b0_20260602-0040_v1,train/top1,20,1780355635.7136445,0.49612030386924744
efficientnet_b0_20260602-0040_v1,train/top1,21,1780355731.7154946,0.49399423599243164
efficientnet_b0_20260602-0040_v1,train/top1,22,1780355828.0669665,0.4972066283226013
efficientnet_b0_20260602-0040_v1,train/top1,23,1780355923.044672,0.49863433837890625
efficientnet_b0_20260602-0040_v1,train/top1,24,1780356017.6862252,0.49992239475250244
efficientnet_b0_20260602-0040_v1,train/top1,25,1780356116.2036955,0.4970669448375702
efficientnet_b0_20260602-0040_v1,train/top1,26,1780356210.7605011,0.49823084473609924
efficientnet_b0_20260602-0040_v1,train/top1,27,1780356305.8280456,0.5010242462158203
efficientnet_b0_20260602-0040_v1,train/top1,28,1780356400.4290457,0.49740836024284363
efficientnet_b0_20260602-0040_v1,train/top1,29,1780356496.020906,0.5000620484352112
efficientnet_b0_20260602-0040_v1,train/top5,0,1780353739.4583328,0.6040845513343811
efficientnet_b0_20260602-0040_v1,train/top5,1,1780353833.852798,0.7018529176712036
efficientnet_b0_20260602-0040_v1,train/top5,2,1780353927.914572,0.7138645052909851
efficientnet_b0_20260602-0040_v1,train/top5,3,1780354022.4043384,0.7224618792533875
efficientnet_b0_20260602-0040_v1,train/top5,4,1780354119.313365,0.7246655821800232
efficientnet_b0_20260602-0040_v1,train/top5,5,1780354214.1714187,0.7295229434967041
efficientnet_b0_20260602-0040_v1,train/top5,6,1780354309.479553,0.7332474589347839
efficientnet_b0_20260602-0040_v1,train/top5,7,1780354403.5359392,0.7353579998016357
efficientnet_b0_20260602-0040_v1,train/top5,8,1780354498.225457,0.7329681515693665
efficientnet_b0_20260602-0040_v1,train/top5,9,1780354592.2550273,0.7342096567153931
efficientnet_b0_20260602-0040_v1,train/top5,10,1780354686.4993002,0.7367857694625854
efficientnet_b0_20260602-0040_v1,train/top5,11,1780354781.322496,0.7370030283927917
efficientnet_b0_20260602-0040_v1,train/top5,12,1780354877.0129478,0.7353270053863525
efficientnet_b0_20260602-0040_v1,train/top5,13,1780354973.2382958,0.7363667488098145
efficientnet_b0_20260602-0040_v1,train/top5,14,1780355067.5844088,0.7359632253646851
efficientnet_b0_20260602-0040_v1,train/top5,15,1780355161.7478547,0.7515441179275513
efficientnet_b0_20260602-0040_v1,train/top5,16,1780355256.1956556,0.7542909383773804
efficientnet_b0_20260602-0040_v1,train/top5,17,1780355350.8358731,0.75413578748703
efficientnet_b0_20260602-0040_v1,train/top5,18,1780355445.5883446,0.7544927000999451
efficientnet_b0_20260602-0040_v1,train/top5,19,1780355540.3493443,0.7568050026893616
efficientnet_b0_20260602-0040_v1,train/top5,20,1780355635.7136528,0.7581861615180969
efficientnet_b0_20260602-0040_v1,train/top5,21,1780355731.7155015,0.7558118104934692
efficientnet_b0_20260602-0040_v1,train/top5,22,1780355828.0669734,0.7564325332641602
efficientnet_b0_20260602-0040_v1,train/top5,23,1780355923.0446784,0.7561687231063843
efficientnet_b0_20260602-0040_v1,train/top5,24,1780356017.6862319,0.7588534951210022
efficientnet_b0_20260602-0040_v1,train/top5,25,1780356116.203702,0.7590086460113525
efficientnet_b0_20260602-0040_v1,train/top5,26,1780356210.760507,0.7614296078681946
efficientnet_b0_20260602-0040_v1,train/top5,27,1780356305.8280516,0.7587603330612183
efficientnet_b0_20260602-0040_v1,train/top5,28,1780356400.429052,0.7588379383087158
efficientnet_b0_20260602-0040_v1,train/top5,29,1780356496.0209124,0.7612278461456299
efficientnet_b0_20260602-0040_v1,validation/loss,0,1780353739.4583561,2.6972641944885254
efficientnet_b0_20260602-0040_v1,validation/loss,1,1780353833.8528206,2.5982890129089355
efficientnet_b0_20260602-0040_v1,validation/loss,2,1780353927.9145937,2.5674922466278076
efficientnet_b0_20260602-0040_v1,validation/loss,3,1780354022.4043603,2.5447115898132324
efficientnet_b0_20260602-0040_v1,validation/loss,4,1780354119.3133872,2.5336828231811523
efficientnet_b0_20260602-0040_v1,validation/loss,5,1780354214.1714401,2.512779474258423
efficientnet_b0_20260602-0040_v1,validation/loss,6,1780354309.4795763,2.519345283508301
efficientnet_b0_20260602-0040_v1,validation/loss,7,1780354403.5359597,2.507739782333374
efficientnet_b0_20260602-0040_v1,validation/loss,8,1780354498.2254786,2.5138471126556396
efficientnet_b0_20260602-0040_v1,validation/loss,9,1780354592.255049,2.5052831172943115
efficientnet_b0_20260602-0040_v1,validation/loss,10,1780354686.4993205,2.5119032859802246
efficientnet_b0_20260602-0040_v1,validation/loss,11,1780354781.3225164,2.5092766284942627
efficientnet_b0_20260602-0040_v1,validation/loss,12,1780354877.0129683,2.505474328994751
efficientnet_b0_20260602-0040_v1,validation/loss,13,1780354973.238318,2.5119147300720215
efficientnet_b0_20260602-0040_v1,validation/loss,14,1780355067.5844295,2.512342691421509
efficientnet_b0_20260602-0040_v1,validation/loss,15,1780355161.7478771,2.487257242202759
efficientnet_b0_20260602-0040_v1,validation/loss,16,1780355256.1956778,2.4875190258026123
efficientnet_b0_20260602-0040_v1,validation/loss,17,1780355350.8358943,2.487029790878296
efficientnet_b0_20260602-0040_v1,validation/loss,18,1780355445.5883653,2.470568895339966
efficientnet_b0_20260602-0040_v1,validation/loss,19,1780355540.3493664,2.4730048179626465
efficientnet_b0_20260602-0040_v1,validation/loss,20,1780355635.7136734,2.4717187881469727
efficientnet_b0_20260602-0040_v1,validation/loss,21,1780355731.7155218,2.474173069000244
efficientnet_b0_20260602-0040_v1,validation/loss,22,1780355828.0669932,2.4703240394592285
efficientnet_b0_20260602-0040_v1,validation/loss,23,1780355923.0447,2.461092233657837
efficientnet_b0_20260602-0040_v1,validation/loss,24,1780356017.6862528,2.4684102535247803
efficientnet_b0_20260602-0040_v1,validation/loss,25,1780356116.2037237,2.4678378105163574
efficientnet_b0_20260602-0040_v1,validation/loss,26,1780356210.7605278,2.4727301597595215
efficientnet_b0_20260602-0040_v1,validation/loss,27,1780356305.8280737,2.4690709114074707
efficientnet_b0_20260602-0040_v1,validation/loss,28,1780356400.4290736,2.4728384017944336
efficientnet_b0_20260602-0040_v1,validation/loss,29,1780356496.0209339,2.469935655593872
efficientnet_b0_20260602-0040_v1,validation/samples,0,1780353739.4583693,11312.0
efficientnet_b0_20260602-0040_v1,validation/samples,1,1780353833.852834,11312.0
efficientnet_b0_20260602-0040_v1,validation/samples,2,1780353927.914609,11312.0
efficientnet_b0_20260602-0040_v1,validation/samples,3,1780354022.4043732,11312.0
efficientnet_b0_20260602-0040_v1,validation/samples,4,1780354119.3134015,11312.0
efficientnet_b0_20260602-0040_v1,validation/samples,5,1780354214.1714528,11312.0
efficientnet_b0_20260602-0040_v1,validation/samples,6,1780354309.4795902,11312.0
efficientnet_b0_20260602-0040_v1,validation/samples,7,1780354403.5359724,11312.0
efficientnet_b0_20260602-0040_v1,validation/samples,8,1780354498.2254927,11312.0
efficientnet_b0_20260602-0040_v1,validation/samples,9,1780354592.2550611,11312.0
efficientnet_b0_20260602-0040_v1,validation/samples,10,1780354686.4993339,11312.0
efficientnet_b0_20260602-0040_v1,validation/samples,11,1780354781.3225296,11312.0
efficientnet_b0_20260602-0040_v1,validation/samples,12,1780354877.012981,11312.0
efficientnet_b0_20260602-0040_v1,validation/samples,13,1780354973.2383316,11312.0
efficientnet_b0_20260602-0040_v1,validation/samples,14,1780355067.5844424,11312.0
efficientnet_b0_20260602-0040_v1,validation/samples,15,1780355161.7478902,11312.0
efficientnet_b0_20260602-0040_v1,validation/samples,16,1780355256.1956913,11312.0
efficientnet_b0_20260602-0040_v1,validation/samples,17,1780355350.835908,11312.0
efficientnet_b0_20260602-0040_v1,validation/samples,18,1780355445.588379,11312.0
efficientnet_b0_20260602-0040_v1,validation/samples,19,1780355540.3493798,11312.0
efficientnet_b0_20260602-0040_v1,validation/samples,20,1780355635.7136858,11312.0
efficientnet_b0_20260602-0040_v1,validation/samples,21,1780355731.7155356,11312.0
efficientnet_b0_20260602-0040_v1,validation/samples,22,1780355828.067006,11312.0
efficientnet_b0_20260602-0040_v1,validation/samples,23,1780355923.0447147,11312.0
efficientnet_b0_20260602-0040_v1,validation/samples,24,1780356017.6862652,11312.0
efficientnet_b0_20260602-0040_v1,validation/samples,25,1780356116.2037363,11312.0
efficientnet_b0_20260602-0040_v1,validation/samples,26,1780356210.760541,11312.0
efficientnet_b0_20260602-0040_v1,validation/samples,27,1780356305.8280873,11312.0
efficientnet_b0_20260602-0040_v1,validation/samples,28,1780356400.4290867,11312.0
efficientnet_b0_20260602-0040_v1,validation/samples,29,1780356496.0209486,11312.0
efficientnet_b0_20260602-0040_v1,validation/top1,0,1780353739.458361,0.47056224942207336
efficientnet_b0_20260602-0040_v1,validation/top1,1,1780353833.8528254,0.4926626682281494
efficientnet_b0_20260602-0040_v1,validation/top1,2,1780353927.9145987,0.4990275800228119
efficientnet_b0_20260602-0040_v1,validation/top1,3,1780354022.4043648,0.5083097815513611
efficientnet_b0_20260602-0040_v1,validation/top1,4,1780354119.313392,0.5161775350570679
efficientnet_b0_20260602-0040_v1,validation/top1,5,1780354214.1714442,0.5175919532775879
efficientnet_b0_20260602-0040_v1,validation/top1,6,1780354309.479581,0.5186527371406555
efficientnet_b0_20260602-0040_v1,validation/top1,7,1780354403.5359643,0.5180339217185974
efficientnet_b0_20260602-0040_v1,validation/top1,8,1780354498.2254841,0.523249626159668
efficientnet_b0_20260602-0040_v1,validation/top1,9,1780354592.2550533,0.5222772359848022
efficientnet_b0_20260602-0040_v1,validation/top1,10,1780354686.4993253,0.5211279988288879
efficientnet_b0_20260602-0040_v1,validation/top1,11,1780354781.3225207,0.5227192640304565
efficientnet_b0_20260602-0040_v1,validation/top1,12,1780354877.0129728,0.5223656296730042
efficientnet_b0_20260602-0040_v1,validation/top1,13,1780354973.238323,0.5205091834068298
efficientnet_b0_20260602-0040_v1,validation/top1,14,1780355067.5844343,0.5185643434524536
efficientnet_b0_20260602-0040_v1,validation/top1,15,1780355161.7478814,0.5263437032699585
efficientnet_b0_20260602-0040_v1,validation/top1,16,1780355256.1956825,0.5261669158935547
efficientnet_b0_20260602-0040_v1,validation/top1,17,1780355350.8358986,0.5269625186920166
efficientnet_b0_20260602-0040_v1,validation/top1,18,1780355445.5883698,0.5303217768669128
efficientnet_b0_20260602-0040_v1,validation/top1,19,1780355540.3493712,0.5279349088668823
efficientnet_b0_20260602-0040_v1,validation/top1,20,1780355635.7136776,0.5307638049125671
efficientnet_b0_20260602-0040_v1,validation/top1,21,1780355731.7155263,0.5307638049125671
efficientnet_b0_20260602-0040_v1,validation/top1,22,1780355828.0669978,0.5321782231330872
efficientnet_b0_20260602-0040_v1,validation/top1,23,1780355923.0447044,0.5328854322433472
efficientnet_b0_20260602-0040_v1,validation/top1,24,1780356017.6862571,0.5322666168212891
efficientnet_b0_20260602-0040_v1,validation/top1,25,1780356116.2037282,0.5322666168212891
efficientnet_b0_20260602-0040_v1,validation/top1,26,1780356210.7605324,0.5303217768669128
efficientnet_b0_20260602-0040_v1,validation/top1,27,1780356305.8280783,0.5307638049125671
efficientnet_b0_20260602-0040_v1,validation/top1,28,1780356400.4290783,0.5318245887756348
efficientnet_b0_20260602-0040_v1,validation/top1,29,1780356496.0209394,0.5303217768669128
efficientnet_b0_20260602-0040_v1,validation/top5,0,1780353739.4583647,0.7294024229049683
efficientnet_b0_20260602-0040_v1,validation/top5,1,1780353833.8528295,0.7484087944030762
efficientnet_b0_20260602-0040_v1,validation/top5,2,1780353927.914603,0.7553040981292725
efficientnet_b0_20260602-0040_v1,validation/top5,3,1780354022.4043689,0.7582213282585144
efficientnet_b0_20260602-0040_v1,validation/top5,4,1780354119.3133962,0.7616690397262573
efficientnet_b0_20260602-0040_v1,validation/top5,5,1780354214.1714482,0.7660890817642212
efficientnet_b0_20260602-0040_v1,validation/top5,6,1780354309.4795856,0.7663543224334717
efficientnet_b0_20260602-0040_v1,validation/top5,7,1780354403.535968,0.7650282979011536
efficientnet_b0_20260602-0040_v1,validation/top5,8,1780354498.2254884,0.7624646425247192
efficientnet_b0_20260602-0040_v1,validation/top5,9,1780354592.255057,0.7673267126083374
efficientnet_b0_20260602-0040_v1,validation/top5,10,1780354686.4993293,0.7664427161216736
efficientnet_b0_20260602-0040_v1,validation/top5,11,1780354781.3225253,0.7637022733688354
efficientnet_b0_20260602-0040_v1,validation/top5,12,1780354877.0129766,0.7655587196350098
efficientnet_b0_20260602-0040_v1,validation/top5,13,1780354973.2383273,0.7662659287452698
efficientnet_b0_20260602-0040_v1,validation/top5,14,1780355067.5844383,0.7661775350570679
efficientnet_b0_20260602-0040_v1,validation/top5,15,1780355161.747886,0.7736032605171204
efficientnet_b0_20260602-0040_v1,validation/top5,16,1780355256.1956866,0.7744872570037842
efficientnet_b0_20260602-0040_v1,validation/top5,17,1780355350.8359034,0.772542417049408
efficientnet_b0_20260602-0040_v1,validation/top5,18,1780355445.5883744,0.7778465151786804
efficientnet_b0_20260602-0040_v1,validation/top5,19,1780355540.3493755,0.7776697278022766
efficientnet_b0_20260602-0040_v1,validation/top5,20,1780355635.7136815,0.7762553095817566
efficientnet_b0_20260602-0040_v1,validation/top5,21,1780355731.7155306,0.7767857313156128
efficientnet_b0_20260602-0040_v1,validation/top5,22,1780355828.0670016,0.7778465151786804
efficientnet_b0_20260602-0040_v1,validation/top5,23,1780355923.0447104,0.7790841460227966
efficientnet_b0_20260602-0040_v1,validation/top5,24,1780356017.686261,0.7765204906463623
efficientnet_b0_20260602-0040_v1,validation/top5,25,1780356116.203732,0.7765204906463623
efficientnet_b0_20260602-0040_v1,validation/top5,26,1780356210.760537,0.7763437032699585
efficientnet_b0_20260602-0040_v1,validation/top5,27,1780356305.828083,0.778023362159729
efficientnet_b0_20260602-0040_v1,validation/top5,28,1780356400.4290824,0.7763437032699585
efficientnet_b0_20260602-0040_v1,validation/top5,29,1780356496.0209439,0.7781117558479309
resnet50_20260602-0128_v1,train/learning_rate,0,1780356602.2697973,0.0010000000474974513
resnet50_20260602-0128_v1,train/learning_rate,1,1780356698.4354079,0.0010000000474974513
resnet50_20260602-0128_v1,train/learning_rate,2,1780356793.0657737,0.0010000000474974513
resnet50_20260602-0128_v1,train/learning_rate,3,1780356887.7266302,0.0010000000474974513
resnet50_20260602-0128_v1,train/learning_rate,4,1780356984.7964666,0.0010000000474974513
resnet50_20260602-0128_v1,train/learning_rate,5,1780357080.1171706,0.0010000000474974513
resnet50_20260602-0128_v1,train/learning_rate,6,1780357174.3961084,0.0010000000474974513
resnet50_20260602-0128_v1,train/learning_rate,7,1780357269.478213,0.0010000000474974513
resnet50_20260602-0128_v1,train/learning_rate,8,1780357367.2029898,0.0010000000474974513
resnet50_20260602-0128_v1,train/learning_rate,9,1780357461.7471197,0.0010000000474974513
resnet50_20260602-0128_v1,train/learning_rate,10,1780357556.5223784,0.0010000000474974513
resnet50_20260602-0128_v1,train/learning_rate,11,1780357651.0715373,0.0010000000474974513
resnet50_20260602-0128_v1,train/learning_rate,12,1780357745.6168873,0.0010000000474974513
resnet50_20260602-0128_v1,train/learning_rate,13,1780357840.0853314,9.999999747378752e-05
resnet50_20260602-0128_v1,train/learning_rate,14,1780357935.478833,9.999999747378752e-05
resnet50_20260602-0128_v1,train/loss,0,1780356602.2697227,3.0841429233551025
resnet50_20260602-0128_v1,train/loss,1,1780356698.4353323,2.5457921028137207
resnet50_20260602-0128_v1,train/loss,2,1780356793.0657153,2.438152313232422
resnet50_20260602-0128_v1,train/loss,3,1780356887.7265713,2.3860960006713867
resnet50_20260602-0128_v1,train/loss,4,1780356984.7964222,2.3631396293640137
resnet50_20260602-0128_v1,train/loss,5,1780357080.1171129,2.3412790298461914
resnet50_20260602-0128_v1,train/loss,6,1780357174.3960447,2.328516721725464
resnet50_20260602-0128_v1,train/loss,7,1780357269.4781632,2.322798728942871
resnet50_20260602-0128_v1,train/loss,8,1780357367.2029376,2.313311815261841
resnet50_20260602-0128_v1,train/loss,9,1780357461.7470741,2.312462568283081
resnet50_20260602-0128_v1,train/loss,10,1780357556.5223315,2.3048367500305176
resnet50_20260602-0128_v1,train/loss,11,1780357651.071491,2.3013648986816406
resnet50_20260602-0128_v1,train/loss,12,1780357745.6168396,2.3069136142730713
resnet50_20260602-0128_v1,train/loss,13,1780357840.0852828,2.2962701320648193
resnet50_20260602-0128_v1,train/loss,14,1780357935.478784,2.232991933822632
resnet50_20260602-0128_v1,train/samples,0,1780356602.2697911,64438.0
resnet50_20260602-0128_v1,train/samples,1,1780356698.4353998,64438.0
resnet50_20260602-0128_v1,train/samples,2,1780356793.0657687,64438.0
resnet50_20260602-0128_v1,train/samples,3,1780356887.726625,64438.0
resnet50_20260602-0128_v1,train/samples,4,1780356984.7964618,64438.0
resnet50_20260602-0128_v1,train/samples,5,1780357080.1171656,64438.0
resnet50_20260602-0128_v1,train/samples,6,1780357174.3961027,64438.0
resnet50_20260602-0128_v1,train/samples,7,1780357269.4782083,64438.0
resnet50_20260602-0128_v1,train/samples,8,1780357367.2029843,64438.0
resnet50_20260602-0128_v1,train/samples,9,1780357461.7471144,64438.0
resnet50_20260602-0128_v1,train/samples,10,1780357556.5223734,64438.0
resnet50_20260602-0128_v1,train/samples,11,1780357651.0715318,64438.0
resnet50_20260602-0128_v1,train/samples,12,1780357745.6168816,64438.0
resnet50_20260602-0128_v1,train/samples,13,1780357840.0853255,64438.0
resnet50_20260602-0128_v1,train/samples,14,1780357935.4788272,64438.0
resnet50_20260602-0128_v1,train/top1,0,1780356602.2697735,0.39669138193130493
resnet50_20260602-0128_v1,train/top1,1,1780356698.435379,0.5113752484321594
resnet50_20260602-0128_v1,train/top1,2,1780356793.0657465,0.537555456161499
resnet50_20260602-0128_v1,train/top1,3,1780356887.7266104,0.5519879460334778
resnet50_20260602-0128_v1,train/top1,4,1780356984.7964492,0.5538502335548401
resnet50_20260602-0128_v1,train/top1,5,1780357080.117151,0.5620130896568298
resnet50_20260602-0128_v1,train/top1,6,1780357174.3960855,0.5639684796333313
resnet50_20260602-0128_v1,train/top1,7,1780357269.4781942,0.5640615820884705
resnet50_20260602-0128_v1,train/top1,8,1780357367.202969,0.5687482357025146
resnet50_20260602-0128_v1,train/top1,9,1780357461.7471008,0.5691207051277161
resnet50_20260602-0128_v1,train/top1,10,1780357556.5223591,0.5722554922103882
resnet50_20260602-0128_v1,train/top1,11,1780357651.0715182,0.5712157487869263
resnet50_20260602-0128_v1,train/top1,12,1780357745.6168683,0.5702069997787476
resnet50_20260602-0128_v1,train/top1,13,1780357840.08531,0.5725969076156616
resnet50_20260602-0128_v1,train/top1,14,1780357935.478813,0.5942456126213074
resnet50_20260602-0128_v1,train/top5,0,1780356602.2697828,0.657422661781311
resnet50_20260602-0128_v1,train/top5,1,1780356698.435389,0.770601212978363
resnet50_20260602-0128_v1,train/top5,2,1780356793.0657606,0.7938483357429504
resnet50_20260602-0128_v1,train/top5,3,1780356887.726617,0.8024457693099976
resnet50_20260602-0128_v1,train/top5,4,1780356984.7964547,0.807768702507019
resnet50_20260602-0128_v1,train/top5,5,1780357080.117158,0.8114466667175293
resnet50_20260602-0128_v1,train/top5,6,1780357174.3960922,0.8150004744529724
resnet50_20260602-0128_v1,train/top5,7,1780357269.4782007,0.8195319771766663
resnet50_20260602-0128_v1,train/top5,8,1780357367.202976,0.8211614489555359
resnet50_20260602-0128_v1,train/top5,9,1780357461.7471068,0.8204165101051331
resnet50_20260602-0128_v1,train/top5,10,1780357556.522365,0.8216580152511597
resnet50_20260602-0128_v1,train/top5,11,1780357651.0715241,0.8233805894851685
resnet50_20260602-0128_v1,train/top5,12,1780357745.6168745,0.8207889795303345
resnet50_20260602-0128_v1,train/top5,13,1780357840.0853164,0.8251807689666748
resnet50_20260602-0128_v1,train/top5,14,1780357935.4788196,0.8364319205284119
resnet50_20260602-0128_v1,validation/loss,0,1780356602.2698069,2.5213842391967773
resnet50_20260602-0128_v1,validation/loss,1,1780356698.4354193,2.3794262409210205
resnet50_20260602-0128_v1,validation/loss,2,1780356793.065784,2.2999331951141357
resnet50_20260602-0128_v1,validation/loss,3,1780356887.726639,2.2828807830810547
resnet50_20260602-0128_v1,validation/loss,4,1780356984.7964742,2.2798051834106445
resnet50_20260602-0128_v1,validation/loss,5,1780357080.1171796,2.263920783996582
resnet50_20260602-0128_v1,validation/loss,6,1780357174.396117,2.268435478210449
resnet50_20260602-0128_v1,validation/loss,7,1780357269.478221,2.2527894973754883
resnet50_20260602-0128_v1,validation/loss,8,1780357367.202998,2.2409656047821045
resnet50_20260602-0128_v1,validation/loss,9,1780357461.7471273,2.257444381713867
resnet50_20260602-0128_v1,validation/loss,10,1780357556.5223866,2.2578248977661133
resnet50_20260602-0128_v1,validation/loss,11,1780357651.071545,2.2508609294891357
resnet50_20260602-0128_v1,validation/loss,12,1780357745.616895,2.2462940216064453
resnet50_20260602-0128_v1,validation/loss,13,1780357840.0853393,2.2455809116363525
resnet50_20260602-0128_v1,validation/loss,14,1780357935.4788413,2.2254652976989746
resnet50_20260602-0128_v1,validation/samples,0,1780356602.2698195,11312.0
resnet50_20260602-0128_v1,validation/samples,1,1780356698.435438,11312.0
resnet50_20260602-0128_v1,validation/samples,2,1780356793.06581,11312.0
resnet50_20260602-0128_v1,validation/samples,3,1780356887.7266521,11312.0
resnet50_20260602-0128_v1,validation/samples,4,1780356984.7964857,11312.0
resnet50_20260602-0128_v1,validation/samples,5,1780357080.1171937,11312.0
resnet50_20260602-0128_v1,validation/samples,6,1780357174.3961306,11312.0
resnet50_20260602-0128_v1,validation/samples,7,1780357269.4782338,11312.0
resnet50_20260602-0128_v1,validation/samples,8,1780357367.2030108,11312.0
resnet50_20260602-0128_v1,validation/samples,9,1780357461.74714,11312.0
resnet50_20260602-0128_v1,validation/samples,10,1780357556.5224009,11312.0
resnet50_20260602-0128_v1,validation/samples,11,1780357651.0715585,11312.0
resnet50_20260602-0128_v1,validation/samples,12,1780357745.616908,11312.0
resnet50_20260602-0128_v1,validation/samples,13,1780357840.0853524,11312.0
resnet50_20260602-0128_v1,validation/samples,14,1780357935.4788542,11312.0
resnet50_20260602-0128_v1,validation/top1,0,1780356602.2698112,0.5262553095817566
resnet50_20260602-0128_v1,validation/top1,1,1780356698.4354258,0.5580798983573914
resnet50_20260602-0128_v1,validation/top1,2,1780356793.0657907,0.5839816331863403
resnet50_20260602-0128_v1,validation/top1,3,1780356887.7266438,0.5878713130950928
resnet50_20260602-0128_v1,validation/top1,4,1780356984.796478,0.5876060724258423
resnet50_20260602-0128_v1,validation/top1,5,1780357080.1171844,0.5884901285171509
resnet50_20260602-0128_v1,validation/top1,6,1780357174.3961215,0.5902581214904785
resnet50_20260602-0128_v1,validation/top1,7,1780357269.4782255,0.5939710140228271
resnet50_20260602-0128_v1,validation/top1,8,1780357367.2030025,0.5965346693992615
resnet50_20260602-0128_v1,validation/top1,9,1780357461.7471313,0.5935289859771729
resnet50_20260602-0128_v1,validation/top1,10,1780357556.5223918,0.5922913551330566
resnet50_20260602-0128_v1,validation/top1,11,1780357651.0715497,0.5918493866920471
resnet50_20260602-0128_v1,validation/top1,12,1780357745.6168993,0.5983911156654358
resnet50_20260602-0128_v1,validation/top1,13,1780357840.085344,0.5929101705551147
resnet50_20260602-0128_v1,validation/top1,14,1780357935.4788456,0.603164792060852
resnet50_20260602-0128_v1,validation/top5,0,1780356602.2698152,0.782355010509491
resnet50_20260602-0128_v1,validation/top5,1,1780356698.4354317,0.8049858808517456
resnet50_20260602-0128_v1,validation/top5,2,1780356793.0657969,0.820190966129303
resnet50_20260602-0128_v1,validation/top5,3,1780356887.7266479,0.8217821717262268
resnet50_20260602-0128_v1,validation/top5,4,1780356984.7964816,0.8217821717262268
resnet50_20260602-0128_v1,validation/top5,5,1780357080.1171892,0.8255834579467773
resnet50_20260602-0128_v1,validation/top5,6,1780357174.396126,0.826644241809845
resnet50_20260602-0128_v1,validation/top5,7,1780357269.4782295,0.8275282979011536
resnet50_20260602-0128_v1,validation/top5,8,1780357367.2030065,0.8294731378555298
resnet50_20260602-0128_v1,validation/top5,9,1780357461.7471356,0.824434220790863
resnet50_20260602-0128_v1,validation/top5,10,1780357556.522396,0.8249646425247192
resnet50_20260602-0128_v1,validation/top5,11,1780357651.0715537,0.8257602453231812
resnet50_20260602-0128_v1,validation/top5,12,1780357745.616904,0.825229823589325
resnet50_20260602-0128_v1,validation/top5,13,1780357840.0853481,0.8260254859924316
resnet50_20260602-0128_v1,validation/top5,14,1780357935.47885,0.8307991623878479
resnet50_20260602-0657_v1,train/learning_rate,0,1780376364.1667302,0.0010000000474974513
resnet50_20260602-0657_v1,train/learning_rate,1,1780376458.5670938,0.0010000000474974513
resnet50_20260602-0657_v1,train/learning_rate,2,1780376552.5305672,0.0010000000474974513
resnet50_20260602-0657_v1,train/learning_rate,3,1780376646.9987612,0.0010000000474974513
resnet50_20260602-0657_v1,train/learning_rate,4,1780376741.1005783,0.0010000000474974513
resnet50_20260602-0657_v1,train/learning_rate,5,1780376835.1799479,0.0010000000474974513
resnet50_20260602-0657_v1,train/learning_rate,6,1780376929.5837305,0.0010000000474974513
resnet50_20260602-0657_v1,train/learning_rate,7,1780377023.9100988,0.0010000000474974513
resnet50_20260602-0657_v1,train/learning_rate,8,1780377117.8793492,0.0010000000474974513
resnet50_20260602-0657_v1,train/learning_rate,9,1780377211.8628333,0.0010000000474974513
resnet50_20260602-0657_v1,train/learning_rate,10,1780377306.1271431,0.0010000000474974513
resnet50_20260602-0657_v1,train/learning_rate,11,1780377400.7780778,0.0010000000474974513
resnet50_20260602-0657_v1,train/learning_rate,12,1780377495.1390083,0.0010000000474974513
resnet50_20260602-0657_v1,train/learning_rate,13,1780377589.7505987,9.999999747378752e-05
resnet50_20260602-0657_v1,train/learning_rate,14,1780377684.3068638,9.999999747378752e-05
resnet50_20260602-0657_v1,train/learning_rate,15,1780377778.7040236,9.999999747378752e-05
resnet50_20260602-0657_v1,train/learning_rate,16,1780377872.8736415,9.999999747378752e-05
resnet50_20260602-0657_v1,train/learning_rate,17,1780377967.408946,9.999999747378752e-05
resnet50_20260602-0657_v1,train/learning_rate,18,1780378061.515074,9.999999747378752e-05
resnet50_20260602-0657_v1,train/learning_rate,19,1780378155.7632952,9.999999747378752e-05
resnet50_20260602-0657_v1,train/learning_rate,20,1780378250.050213,9.999999747378752e-05
resnet50_20260602-0657_v1,train/learning_rate,21,1780378345.0746062,9.999999747378752e-05
resnet50_20260602-0657_v1,train/learning_rate,22,1780378439.391718,9.999999747378752e-05
resnet50_20260602-0657_v1,train/learning_rate,23,1780378533.65184,9.999999747378752e-05
resnet50_20260602-0657_v1,train/learning_rate,24,1780378627.749664,9.999999747378752e-05
resnet50_20260602-0657_v1,train/learning_rate,25,1780378722.0453198,9.999999747378752e-05
resnet50_20260602-0657_v1,train/learning_rate,26,1780378816.4775205,9.999999747378752e-05
resnet50_20260602-0657_v1,train/learning_rate,27,1780378911.713773,9.999999747378752e-05
resnet50_20260602-0657_v1,train/learning_rate,28,1780379005.7888615,9.999999747378752e-05
resnet50_20260602-0657_v1,train/learning_rate,29,1780379099.966564,9.999999747378752e-05
resnet50_20260602-0657_v1,train/loss,0,1780376364.166663,3.0841429233551025
resnet50_20260602-0657_v1,train/loss,1,1780376458.5670369,2.5457921028137207
resnet50_20260602-0657_v1,train/loss,2,1780376552.530515,2.438152313232422
resnet50_20260602-0657_v1,train/loss,3,1780376646.998707,2.3860960006713867
resnet50_20260602-0657_v1,train/loss,4,1780376741.1005313,2.3631396293640137
resnet50_20260602-0657_v1,train/loss,5,1780376835.1798942,2.3412790298461914
resnet50_20260602-0657_v1,train/loss,6,1780376929.5836709,2.328516721725464
resnet50_20260602-0657_v1,train/loss,7,1780377023.910038,2.322798728942871
resnet50_20260602-0657_v1,train/loss,8,1780377117.8792968,2.313311815261841
resnet50_20260602-0657_v1,train/loss,9,1780377211.8627856,2.312462568283081
resnet50_20260602-0657_v1,train/loss,10,1780377306.1270938,2.3048367500305176
resnet50_20260602-0657_v1,train/loss,11,1780377400.778028,2.3013648986816406
resnet50_20260602-0657_v1,train/loss,12,1780377495.138961,2.3069136142730713
resnet50_20260602-0657_v1,train/loss,13,1780377589.7505505,2.2962701320648193
resnet50_20260602-0657_v1,train/loss,14,1780377684.3068035,2.232991933822632
resnet50_20260602-0657_v1,train/loss,15,1780377778.703962,2.222054958343506
resnet50_20260602-0657_v1,train/loss,16,1780377872.8735924,2.2221577167510986
resnet50_20260602-0657_v1,train/loss,17,1780377967.40889,2.2237656116485596
resnet50_20260602-0657_v1,train/loss,18,1780378061.51502,2.2164666652679443
resnet50_20260602-0657_v1,train/loss,19,1780378155.763247,2.218339204788208
resnet50_20260602-0657_v1,train/loss,20,1780378250.0501497,2.2180469036102295
resnet50_20260602-0657_v1,train/loss,21,1780378345.0745454,2.213414430618286
resnet50_20260602-0657_v1,train/loss,22,1780378439.391673,2.210710287094116
resnet50_20260602-0657_v1,train/loss,23,1780378533.651768,2.2069451808929443
resnet50_20260602-0657_v1,train/loss,24,1780378627.7496157,2.2048094272613525
resnet50_20260602-0657_v1,train/loss,25,1780378722.0452712,2.2070207595825195
resnet50_20260602-0657_v1,train/loss,26,1780378816.4774566,2.2050251960754395
resnet50_20260602-0657_v1,train/loss,27,1780378911.713717,2.206308126449585
resnet50_20260602-0657_v1,train/loss,28,1780379005.7888036,2.204943895339966
resnet50_20260602-0657_v1,train/loss,29,1780379099.966516,2.200716257095337
resnet50_20260602-0657_v1,train/samples,0,1780376364.1667242,64438.0
resnet50_20260602-0657_v1,train/samples,1,1780376458.5670872,64438.0
resnet50_20260602-0657_v1,train/samples,2,1780376552.530561,64438.0
resnet50_20260602-0657_v1,train/samples,3,1780376646.9987557,64438.0
resnet50_20260602-0657_v1,train/samples,4,1780376741.1005726,64438.0
resnet50_20260602-0657_v1,train/samples,5,1780376835.1799417,64438.0
resnet50_20260602-0657_v1,train/samples,6,1780376929.583724,64438.0
resnet50_20260602-0657_v1,train/samples,7,1780377023.9100928,64438.0
resnet50_20260602-0657_v1,train/samples,8,1780377117.8793435,64438.0
resnet50_20260602-0657_v1,train/samples,9,1780377211.8628275,64438.0
resnet50_20260602-0657_v1,train/samples,10,1780377306.127138,64438.0
resnet50_20260602-0657_v1,train/samples,11,1780377400.7780716,64438.0
resnet50_20260602-0657_v1,train/samples,12,1780377495.1390028,64438.0
resnet50_20260602-0657_v1,train/samples,13,1780377589.7505922,64438.0
resnet50_20260602-0657_v1,train/samples,14,1780377684.306858,64438.0
resnet50_20260602-0657_v1,train/samples,15,1780377778.7040176,64438.0
resnet50_20260602-0657_v1,train/samples,16,1780377872.873636,64438.0
resnet50_20260602-0657_v1,train/samples,17,1780377967.4089403,64438.0
resnet50_20260602-0657_v1,train/samples,18,1780378061.515068,64438.0
resnet50_20260602-0657_v1,train/samples,19,1780378155.7632895,64438.0
resnet50_20260602-0657_v1,train/samples,20,1780378250.0502074,64438.0
resnet50_20260602-0657_v1,train/samples,21,1780378345.0746005,64438.0
resnet50_20260602-0657_v1,train/samples,22,1780378439.3917124,64438.0
resnet50_20260602-0657_v1,train/samples,23,1780378533.6518323,64438.0
resnet50_20260602-0657_v1,train/samples,24,1780378627.7496583,64438.0
resnet50_20260602-0657_v1,train/samples,25,1780378722.0453146,64438.0
resnet50_20260602-0657_v1,train/samples,26,1780378816.4775147,64438.0
resnet50_20260602-0657_v1,train/samples,27,1780378911.7137654,64438.0
resnet50_20260602-0657_v1,train/samples,28,1780379005.7888556,64438.0
resnet50_20260602-0657_v1,train/samples,29,1780379099.9665582,64438.0
resnet50_20260602-0657_v1,train/top1,0,1780376364.1667063,0.39669138193130493
resnet50_20260602-0657_v1,train/top1,1,1780376458.5670712,0.5113752484321594
resnet50_20260602-0657_v1,train/top1,2,1780376552.5305467,0.537555456161499
resnet50_20260602-0657_v1,train/top1,3,1780376646.9987411,0.5519879460334778
resnet50_20260602-0657_v1,train/top1,4,1780376741.100559,0.5538502335548401
resnet50_20260602-0657_v1,train/top1,5,1780376835.1799269,0.5620130896568298
resnet50_20260602-0657_v1,train/top1,6,1780376929.5837069,0.5639684796333313
resnet50_20260602-0657_v1,train/top1,7,1780377023.910077,0.5640615820884705
resnet50_20260602-0657_v1,train/top1,8,1780377117.8793304,0.5687482357025146
resnet50_20260602-0657_v1,train/top1,9,1780377211.8628137,0.5691207051277161
resnet50_20260602-0657_v1,train/top1,10,1780377306.127124,0.5722554922103882
resnet50_20260602-0657_v1,train/top1,11,1780377400.7780578,0.5712157487869263
resnet50_20260602-0657_v1,train/top1,12,1780377495.138989,0.5702069997787476
resnet50_20260602-0657_v1,train/top1,13,1780377589.750576,0.5725969076156616
resnet50_20260602-0657_v1,train/top1,14,1780377684.306837,0.5942456126213074
resnet50_20260602-0657_v1,train/top1,15,1780377778.7040014,0.5954561233520508
resnet50_20260602-0657_v1,train/top1,16,1780377872.8736217,0.5964958667755127
resnet50_20260602-0657_v1,train/top1,17,1780377967.408926,0.595518171787262
resnet50_20260602-0657_v1,train/top1,18,1780378061.5150535,0.5987305641174316
resnet50_20260602-0657_v1,train/top1,19,1780378155.7632759,0.5985443592071533
resnet50_20260602-0657_v1,train/top1,20,1780378250.0501919,0.5961699485778809
resnet50_20260602-0657_v1,train/top1,21,1780378345.0745857,0.5978459715843201
resnet50_20260602-0657_v1,train/top1,22,1780378439.3916993,0.6006859540939331
resnet50_20260602-0657_v1,train/top1,23,1780378533.651813,0.6015860438346863
resnet50_20260602-0657_v1,train/top1,24,1780378627.7496455,0.6033241152763367
resnet50_20260602-0657_v1,train/top1,25,1780378722.045301,0.599692702293396
resnet50_20260602-0657_v1,train/top1,26,1780378816.4774995,0.6026412844657898
resnet50_20260602-0657_v1,train/top1,27,1780378911.7137513,0.6023774743080139
resnet50_20260602-0657_v1,train/top1,28,1780379005.7888315,0.6024395823478699
resnet50_20260602-0657_v1,train/top1,29,1780379099.9665453,0.601694643497467
resnet50_20260602-0657_v1,train/top5,0,1780376364.1667156,0.657422661781311
resnet50_20260602-0657_v1,train/top5,1,1780376458.567079,0.770601212978363
resnet50_20260602-0657_v1,train/top5,2,1780376552.5305533,0.7938483357429504
resnet50_20260602-0657_v1,train/top5,3,1780376646.9987478,0.8024457693099976
resnet50_20260602-0657_v1,train/top5,4,1780376741.100565,0.807768702507019
resnet50_20260602-0657_v1,train/top5,5,1780376835.1799335,0.8114466667175293
resnet50_20260602-0657_v1,train/top5,6,1780376929.5837135,0.8150004744529724
resnet50_20260602-0657_v1,train/top5,7,1780377023.9100842,0.8195319771766663
resnet50_20260602-0657_v1,train/top5,8,1780377117.8793364,0.8211614489555359
resnet50_20260602-0657_v1,train/top5,9,1780377211.8628201,0.8204165101051331
resnet50_20260602-0657_v1,train/top5,10,1780377306.1271298,0.8216580152511597
resnet50_20260602-0657_v1,train/top5,11,1780377400.7780638,0.8233805894851685
resnet50_20260602-0657_v1,train/top5,12,1780377495.1389952,0.8207889795303345
resnet50_20260602-0657_v1,train/top5,13,1780377589.7505822,0.8251807689666748
resnet50_20260602-0657_v1,train/top5,14,1780377684.306843,0.8364319205284119
resnet50_20260602-0657_v1,train/top5,15,1780377778.7040088,0.841956615447998
resnet50_20260602-0657_v1,train/top5,16,1780377872.873628,0.8410565257072449
resnet50_20260602-0657_v1,train/top5,17,1780377967.4089327,0.841956615447998
resnet50_20260602-0657_v1,train/top5,18,1780378061.5150602,0.8422669768333435
resnet50_20260602-0657_v1,train/top5,19,1780378155.7632816,0.8413358330726624
resnet50_20260602-0657_v1,train/top5,20,1780378250.0501993,0.8438809514045715
resnet50_20260602-0657_v1,train/top5,21,1780378345.074592,0.8432136178016663
resnet50_20260602-0657_v1,train/top5,22,1780378439.391705,0.8443465232849121
resnet50_20260602-0657_v1,train/top5,23,1780378533.651822,0.8440827131271362
resnet50_20260602-0657_v1,train/top5,24,1780378627.7496512,0.8461467027664185
resnet50_20260602-0657_v1,train/top5,25,1780378722.045307,0.8453241586685181
resnet50_20260602-0657_v1,train/top5,26,1780378816.4775066,0.8453397154808044
resnet50_20260602-0657_v1,train/top5,27,1780378911.7137578,0.8429498076438904
resnet50_20260602-0657_v1,train/top5,28,1780379005.788838,0.8452000617980957
resnet50_20260602-0657_v1,train/top5,29,1780379099.966551,0.8474968075752258
resnet50_20260602-0657_v1,validation/loss,0,1780376364.1667397,2.5213842391967773
resnet50_20260602-0657_v1,validation/loss,1,1780376458.5671024,2.3794262409210205
resnet50_20260602-0657_v1,validation/loss,2,1780376552.530575,2.2999331951141357
resnet50_20260602-0657_v1,validation/loss,3,1780376646.9987698,2.2828807830810547
resnet50_20260602-0657_v1,validation/loss,4,1780376741.1005862,2.2798051834106445
resnet50_20260602-0657_v1,validation/loss,5,1780376835.1799562,2.263920783996582
resnet50_20260602-0657_v1,validation/loss,6,1780376929.5837388,2.268435478210449
resnet50_20260602-0657_v1,validation/loss,7,1780377023.9101071,2.2527894973754883
resnet50_20260602-0657_v1,validation/loss,8,1780377117.8793578,2.2409656047821045
resnet50_20260602-0657_v1,validation/loss,9,1780377211.862841,2.257444381713867
resnet50_20260602-0657_v1,validation/loss,10,1780377306.1271505,2.2578248977661133
resnet50_20260602-0657_v1,validation/loss,11,1780377400.7780862,2.2508609294891357
resnet50_20260602-0657_v1,validation/loss,12,1780377495.1390169,2.2462940216064453
resnet50_20260602-0657_v1,validation/loss,13,1780377589.7506068,2.2455809116363525
resnet50_20260602-0657_v1,validation/loss,14,1780377684.3068721,2.2254652976989746
resnet50_20260602-0657_v1,validation/loss,15,1780377778.7040327,2.224196195602417
resnet50_20260602-0657_v1,validation/loss,16,1780377872.8736494,2.2229504585266113
resnet50_20260602-0657_v1,validation/loss,17,1780377967.4089544,2.2208073139190674
resnet50_20260602-0657_v1,validation/loss,18,1780378061.5150821,2.212798595428467
resnet50_20260602-0657_v1,validation/loss,19,1780378155.7633033,2.2135093212127686
resnet50_20260602-0657_v1,validation/loss,20,1780378250.0502222,2.210517168045044
resnet50_20260602-0657_v1,validation/loss,21,1780378345.074615,2.2045228481292725
resnet50_20260602-0657_v1,validation/loss,22,1780378439.3917258,2.2154970169067383
resnet50_20260602-0657_v1,validation/loss,23,1780378533.6518617,2.208488702774048
resnet50_20260602-0657_v1,validation/loss,24,1780378627.7496715,2.21346378326416
resnet50_20260602-0657_v1,validation/loss,25,1780378722.0453274,2.2118747234344482
resnet50_20260602-0657_v1,validation/loss,26,1780378816.477529,2.201728343963623
resnet50_20260602-0657_v1,validation/loss,27,1780378911.7137825,2.202099323272705
resnet50_20260602-0657_v1,validation/loss,28,1780379005.7888699,2.2070534229278564
resnet50_20260602-0657_v1,validation/loss,29,1780379099.9665723,2.2146427631378174
resnet50_20260602-0657_v1,validation/samples,0,1780376364.1667523,11312.0
resnet50_20260602-0657_v1,validation/samples,1,1780376458.5671155,11312.0
resnet50_20260602-0657_v1,validation/samples,2,1780376552.53059,11312.0
resnet50_20260602-0657_v1,validation/samples,3,1780376646.9987822,11312.0
resnet50_20260602-0657_v1,validation/samples,4,1780376741.1005995,11312.0
resnet50_20260602-0657_v1,validation/samples,5,1780376835.1799698,11312.0
resnet50_20260602-0657_v1,validation/samples,6,1780376929.583752,11312.0
resnet50_20260602-0657_v1,validation/samples,7,1780377023.9101195,11312.0
resnet50_20260602-0657_v1,validation/samples,8,1780377117.8793721,11312.0
resnet50_20260602-0657_v1,validation/samples,9,1780377211.8628623,11312.0
resnet50_20260602-0657_v1,validation/samples,10,1780377306.1271644,11312.0
resnet50_20260602-0657_v1,validation/samples,11,1780377400.7781003,11312.0
resnet50_20260602-0657_v1,validation/samples,12,1780377495.1390302,11312.0
resnet50_20260602-0657_v1,validation/samples,13,1780377589.7506204,11312.0
resnet50_20260602-0657_v1,validation/samples,14,1780377684.3068862,11312.0
resnet50_20260602-0657_v1,validation/samples,15,1780377778.704046,11312.0
resnet50_20260602-0657_v1,validation/samples,16,1780377872.8736641,11312.0
resnet50_20260602-0657_v1,validation/samples,17,1780377967.408969,11312.0
resnet50_20260602-0657_v1,validation/samples,18,1780378061.5150948,11312.0
resnet50_20260602-0657_v1,validation/samples,19,1780378155.763317,11312.0
resnet50_20260602-0657_v1,validation/samples,20,1780378250.050235,11312.0
resnet50_20260602-0657_v1,validation/samples,21,1780378345.0746276,11312.0
resnet50_20260602-0657_v1,validation/samples,22,1780378439.3917391,11312.0
resnet50_20260602-0657_v1,validation/samples,23,1780378533.6518817,11312.0
resnet50_20260602-0657_v1,validation/samples,24,1780378627.7496855,11312.0
resnet50_20260602-0657_v1,validation/samples,25,1780378722.0453413,11312.0
resnet50_20260602-0657_v1,validation/samples,26,1780378816.4775422,11312.0
resnet50_20260602-0657_v1,validation/samples,27,1780378911.7137952,11312.0
resnet50_20260602-0657_v1,validation/samples,28,1780379005.7888832,11312.0
resnet50_20260602-0657_v1,validation/samples,29,1780379099.966585,11312.0
resnet50_20260602-0657_v1,validation/top1,0,1780376364.1667442,0.5262553095817566
resnet50_20260602-0657_v1,validation/top1,1,1780376458.567107,0.5580798983573914
resnet50_20260602-0657_v1,validation/top1,2,1780376552.5305798,0.5839816331863403
resnet50_20260602-0657_v1,validation/top1,3,1780376646.998774,0.5878713130950928
resnet50_20260602-0657_v1,validation/top1,4,1780376741.100591,0.5876060724258423
resnet50_20260602-0657_v1,validation/top1,5,1780376835.1799612,0.5884901285171509
resnet50_20260602-0657_v1,validation/top1,6,1780376929.5837436,0.5902581214904785
resnet50_20260602-0657_v1,validation/top1,7,1780377023.9101114,0.5939710140228271
resnet50_20260602-0657_v1,validation/top1,8,1780377117.8793623,0.5965346693992615
resnet50_20260602-0657_v1,validation/top1,9,1780377211.8628452,0.5935289859771729
resnet50_20260602-0657_v1,validation/top1,10,1780377306.1271563,0.5922913551330566
resnet50_20260602-0657_v1,validation/top1,11,1780377400.7780912,0.5918493866920471
resnet50_20260602-0657_v1,validation/top1,12,1780377495.1390216,0.5983911156654358
resnet50_20260602-0657_v1,validation/top1,13,1780377589.7506118,0.5929101705551147
resnet50_20260602-0657_v1,validation/top1,14,1780377684.306877,0.603164792060852
resnet50_20260602-0657_v1,validation/top1,15,1780377778.7040374,0.6021923422813416
resnet50_20260602-0657_v1,validation/top1,16,1780377872.8736541,0.603253185749054
resnet50_20260602-0657_v1,validation/top1,17,1780377967.408959,0.6028111577033997
resnet50_20260602-0657_v1,validation/top1,18,1780378061.5150867,0.6045792102813721
resnet50_20260602-0657_v1,validation/top1,19,1780378155.7633078,0.604667603969574
resnet50_20260602-0657_v1,validation/top1,20,1780378250.050227,0.6087340712547302
resnet50_20260602-0657_v1,validation/top1,21,1780378345.0746193,0.606789231300354
resnet50_20260602-0657_v1,validation/top1,22,1780378439.3917305,0.6030763983726501
resnet50_20260602-0657_v1,validation/top1,23,1780378533.6518686,0.6094412803649902
resnet50_20260602-0657_v1,validation/top1,24,1780378627.749676,0.6073196530342102
resnet50_20260602-0657_v1,validation/top1,25,1780378722.045332,0.6063472628593445
resnet50_20260602-0657_v1,validation/top1,26,1780378816.4775336,0.607496440410614
resnet50_20260602-0657_v1,validation/top1,27,1780378911.7137868,0.6098833084106445
resnet50_20260602-0657_v1,validation/top1,28,1780379005.7888744,0.6085572838783264
resnet50_20260602-0657_v1,validation/top1,29,1780379099.9665766,0.6058168411254883
resnet50_20260602-0657_v1,validation/top5,0,1780376364.1667478,0.782355010509491
resnet50_20260602-0657_v1,validation/top5,1,1780376458.5671113,0.8049858808517456
resnet50_20260602-0657_v1,validation/top5,2,1780376552.5305839,0.820190966129303
resnet50_20260602-0657_v1,validation/top5,3,1780376646.998778,0.8217821717262268
resnet50_20260602-0657_v1,validation/top5,4,1780376741.1005952,0.8217821717262268
resnet50_20260602-0657_v1,validation/top5,5,1780376835.1799653,0.8255834579467773
resnet50_20260602-0657_v1,validation/top5,6,1780376929.5837474,0.826644241809845
resnet50_20260602-0657_v1,validation/top5,7,1780377023.9101152,0.8275282979011536
resnet50_20260602-0657_v1,validation/top5,8,1780377117.8793676,0.8294731378555298
resnet50_20260602-0657_v1,validation/top5,9,1780377211.862858,0.824434220790863
resnet50_20260602-0657_v1,validation/top5,10,1780377306.1271603,0.8249646425247192
resnet50_20260602-0657_v1,validation/top5,11,1780377400.7780957,0.8257602453231812
resnet50_20260602-0657_v1,validation/top5,12,1780377495.139026,0.825229823589325
resnet50_20260602-0657_v1,validation/top5,13,1780377589.7506158,0.8260254859924316
resnet50_20260602-0657_v1,validation/top5,14,1780377684.306881,0.8307991623878479
resnet50_20260602-0657_v1,validation/top5,15,1780377778.7040417,0.8317715525627136
resnet50_20260602-0657_v1,validation/top5,16,1780377872.8736596,0.8308875560760498
resnet50_20260602-0657_v1,validation/top5,17,1780377967.4089644,0.8320367932319641
resnet50_20260602-0657_v1,validation/top5,18,1780378061.5150907,0.8334512114524841
resnet50_20260602-0657_v1,validation/top5,19,1780378155.763312,0.8332744240760803
resnet50_20260602-0657_v1,validation/top5,20,1780378250.0502307,0.8346888422966003
resnet50_20260602-0657_v1,validation/top5,21,1780378345.0746236,0.836456835269928
resnet50_20260602-0657_v1,validation/top5,22,1780378439.3917348,0.834954023361206
resnet50_20260602-0657_v1,validation/top5,23,1780378533.651875,0.8365452885627747
resnet50_20260602-0657_v1,validation/top5,24,1780378627.7496803,0.8338047862052917
resnet50_20260602-0657_v1,validation/top5,25,1780378722.0453362,0.8353076577186584
resnet50_20260602-0657_v1,validation/top5,26,1780378816.4775379,0.8369872570037842
resnet50_20260602-0657_v1,validation/top5,27,1780378911.7137907,0.8375176787376404
resnet50_20260602-0657_v1,validation/top5,28,1780379005.788879,0.8359264731407166
resnet50_20260602-0657_v1,validation/top5,29,1780379099.9665806,0.8354844450950623
